PAYMENT_ID,POLICY_ID,CUSTOMER_ID,DUE_DATE,PAID_DATE,AMOUNT_DUE,AMOUNT_PAID,PAYMENT_STATUS,DAYS_LATE,PAYMENT_METHOD
PAY-000001,KVH-LI-00001,C0001,2026-07-07,2026-07-13,32825,32825,Late,6,UPI
PAY-000002,KVH-LI-00001,C0001,2026-04-07,2026-04-07,32825,32825,On-time,0,NACH Auto-debit
PAY-000003,KVH-HO-00002,C0002,2025-10-16,2025-10-16,14600,14600,On-time,0,Cheque
PAY-000004,KVH-MO-00003,C0002,2025-10-07,2025-10-04,59600,59600,On-time,0,UPI
PAY-000005,KVH-LI-00004,C0002,2026-09-13,2026-09-12,7688,7688,On-time,0,Credit Card
PAY-000006,KVH-LI-00004,C0002,2026-08-13,2026-08-09,7688,7688,On-time,0,Credit Card
PAY-000007,KVH-LI-00004,C0002,2026-07-13,2026-07-11,7688,7688,On-time,0,Credit Card
PAY-000008,KVH-LI-00004,C0002,2026-06-13,2026-06-11,7688,7688,On-time,0,UPI
PAY-000009,KVH-LI-00004,C0002,2026-05-13,2026-05-11,7688,7688,On-time,0,Cheque
PAY-000010,KVH-LI-00004,C0002,2026-04-13,2026-04-13,7688,7688,On-time,0,Credit Card
PAY-000011,KVH-LI-00004,C0002,2026-03-13,2026-03-12,7688,7688,On-time,0,Credit Card
PAY-000012,KVH-LI-00004,C0002,2026-02-13,2026-02-10,7688,7688,On-time,0,Credit Card
PAY-000013,KVH-LI-00004,C0002,2026-01-13,2026-01-12,7688,7688,On-time,0,UPI
PAY-000014,KVH-LI-00004,C0002,2025-12-13,2025-12-09,7688,7688,On-time,0,NACH Auto-debit
PAY-000015,KVH-LI-00004,C0002,2025-11-13,2025-11-11,7688,7688,On-time,0,NACH Auto-debit
PAY-000016,KVH-LI-00004,C0002,2025-10-13,2025-10-11,7688,7688,On-time,0,NACH Auto-debit
PAY-000017,KVH-LI-00004,C0002,2025-09-13,2025-09-09,7688,7688,On-time,0,UPI
PAY-000018,KVH-LI-00004,C0002,2025-08-13,2025-08-12,7688,7688,On-time,0,Credit Card
PAY-000019,KVH-LI-00004,C0002,2025-07-13,2025-07-10,7688,7688,On-time,0,Credit Card
PAY-000020,KVH-LI-00004,C0002,2025-06-13,2025-06-13,7688,7688,On-time,0,Net Banking
PAY-000021,KVH-LI-00004,C0002,2025-05-13,2025-05-12,7688,7688,On-time,0,NACH Auto-debit
PAY-000022,KVH-HO-00005,C0003,2026-09-11,2026-09-07,442,442,On-time,0,Net Banking
PAY-000023,KVH-HO-00005,C0003,2026-08-11,2026-09-03,442,442,Late,23,Credit Card
PAY-000024,KVH-HO-00005,C0003,2026-07-11,2026-07-07,442,442,On-time,0,Net Banking
PAY-000025,KVH-HO-00005,C0003,2026-06-11,2026-06-20,442,442,Late,9,NACH Auto-debit
PAY-000026,KVH-HO-00005,C0003,2026-05-11,2026-05-09,442,442,On-time,0,Net Banking
PAY-000027,KVH-HO-00005,C0003,2026-04-11,2026-04-11,442,442,On-time,0,Cheque
PAY-000028,KVH-HO-00005,C0003,2026-03-11,2026-04-10,442,442,Late,30,Cheque
PAY-000029,KVH-HO-00005,C0003,2026-02-11,,442,0,Missed,,NACH Auto-debit
PAY-000030,KVH-HO-00005,C0003,2026-01-11,2026-02-05,442,442,Late,25,NACH Auto-debit
PAY-000031,KVH-HO-00005,C0003,2025-12-11,2026-01-05,442,442,Late,25,NACH Auto-debit
PAY-000032,KVH-HO-00005,C0003,2025-11-11,2025-11-07,442,442,On-time,0,Credit Card
PAY-000033,KVH-HO-00005,C0003,2025-10-11,2025-10-22,442,442,Late,11,UPI
PAY-000034,KVH-HO-00005,C0003,2025-09-11,2025-10-17,442,442,Late,36,Credit Card
PAY-000035,KVH-HO-00005,C0003,2025-08-11,2025-08-09,442,442,On-time,0,Credit Card
PAY-000036,KVH-HO-00005,C0003,2025-07-11,2025-07-08,442,442,On-time,0,Cheque
PAY-000037,KVH-HO-00005,C0003,2025-06-11,2025-06-08,442,442,On-time,0,UPI
PAY-000038,KVH-HO-00005,C0003,2025-05-11,2025-06-10,442,442,Late,30,NACH Auto-debit
PAY-000039,KVH-HE-00006,C0003,2026-09-15,,2617,0,Missed,,Net Banking
PAY-000040,KVH-HE-00006,C0003,2026-08-15,2026-08-11,2617,2617,On-time,0,UPI
PAY-000041,KVH-HE-00006,C0003,2026-07-15,2026-07-29,2617,2617,Late,14,NACH Auto-debit
PAY-000042,KVH-HE-00006,C0003,2026-06-15,2026-06-13,2617,2617,On-time,0,UPI
PAY-000043,KVH-HE-00006,C0003,2026-05-15,2026-06-10,2617,2617,Late,26,UPI
PAY-000044,KVH-HE-00006,C0003,2026-04-15,2026-04-13,2617,2617,On-time,0,NACH Auto-debit
PAY-000045,KVH-HE-00006,C0003,2026-03-15,2026-03-13,2617,2617,On-time,0,Net Banking
PAY-000046,KVH-HE-00006,C0003,2026-02-15,,2617,0,Missed,,Credit Card
PAY-000047,KVH-HE-00006,C0003,2026-01-15,,2617,0,Missed,,UPI
PAY-000048,KVH-HE-00006,C0003,2025-12-15,2025-12-15,2617,2617,On-time,0,UPI
PAY-000049,KVH-HE-00006,C0003,2025-11-15,2025-11-12,2617,2617,On-time,0,Credit Card
PAY-000050,KVH-HE-00006,C0003,2025-10-15,2025-10-11,2617,2617,On-time,0,UPI
PAY-000051,KVH-HE-00007,C0004,2025-10-26,2025-10-23,32900,32900,On-time,0,UPI
PAY-000052,KVH-MO-00008,C0004,2025-10-21,,4200,0,Missed,,NACH Auto-debit
PAY-000053,KVH-LI-00009,C0004,2026-07-18,2026-07-16,11938,11938,On-time,0,Credit Card
PAY-000054,KVH-LI-00009,C0004,2026-04-18,2026-04-18,11938,11938,On-time,0,Credit Card
PAY-000055,KVH-LI-00009,C0004,2026-01-18,2026-01-30,11938,11938,Late,12,UPI
PAY-000056,KVH-LI-00009,C0004,2025-10-18,2025-11-06,11938,11938,Late,19,UPI
PAY-000057,KVH-LI-00009,C0004,2025-07-18,2025-07-14,11938,11938,On-time,0,UPI
PAY-000058,KVH-LI-00010,C0005,2026-10-02,2026-10-02,14162,14162,On-time,0,Credit Card
PAY-000059,KVH-LI-00010,C0005,2026-07-02,2026-07-01,14162,14162,On-time,0,UPI
PAY-000060,KVH-LI-00010,C0005,2026-04-02,2026-03-29,14162,14162,On-time,0,Credit Card
PAY-000061,KVH-LI-00010,C0005,2026-01-02,2025-12-30,14162,14162,On-time,0,UPI
PAY-000062,KVH-LI-00010,C0005,2025-10-02,2025-10-01,14162,14162,On-time,0,NACH Auto-debit
PAY-000063,KVH-LI-00010,C0005,2025-07-02,2025-06-29,14162,14162,On-time,0,UPI
PAY-000064,KVH-MO-00012,C0005,2026-10-02,2026-09-30,32800,32800,On-time,0,UPI
PAY-000065,KVH-MO-00012,C0005,2025-10-02,2025-09-28,32800,32800,On-time,0,NACH Auto-debit
PAY-000066,KVH-LI-00013,C0006,2026-09-20,2026-09-17,5062,5062,On-time,0,UPI
PAY-000067,KVH-LI-00013,C0006,2026-08-20,2026-09-18,5062,5062,Late,29,NACH Auto-debit
PAY-000068,KVH-LI-00013,C0006,2026-07-20,2026-07-18,5062,5062,On-time,0,Cheque
PAY-000069,KVH-LI-00013,C0006,2026-06-20,2026-07-19,5062,5062,Late,29,NACH Auto-debit
PAY-000070,KVH-LI-00013,C0006,2026-05-20,2026-06-06,5062,5062,Late,17,UPI
PAY-000071,KVH-LI-00013,C0006,2026-04-20,2026-04-17,5062,5062,On-time,0,Cheque
PAY-000072,KVH-LI-00013,C0006,2026-03-20,2026-04-22,5062,5062,Late,33,UPI
PAY-000073,KVH-LI-00013,C0006,2026-02-20,2026-02-19,5062,5062,On-time,0,UPI
PAY-000074,KVH-LI-00013,C0006,2026-01-20,2026-02-26,5062,5062,Late,37,UPI
PAY-000075,KVH-LI-00013,C0006,2025-12-20,2025-12-16,5062,5062,On-time,0,Credit Card
PAY-000076,KVH-LI-00013,C0006,2025-11-20,,5062,0,Missed,,Credit Card
PAY-000077,KVH-LI-00013,C0006,2025-10-20,2025-10-17,5062,5062,On-time,0,UPI
PAY-000078,KVH-LI-00013,C0006,2025-09-20,2025-09-26,5062,5062,Late,6,UPI
PAY-000079,KVH-LI-00013,C0006,2025-08-20,2025-08-18,5062,5062,On-time,0,NACH Auto-debit
PAY-000080,KVH-LI-00013,C0006,2025-07-20,2025-07-19,5062,5062,On-time,0,Credit Card
PAY-000081,KVH-LI-00013,C0006,2025-06-20,,5062,0,Missed,,NACH Auto-debit
PAY-000082,KVH-LI-00013,C0006,2025-05-20,2025-06-17,5062,5062,Late,28,UPI
PAY-000083,KVH-MO-00014,C0006,2025-10-23,2025-10-21,13200,13200,On-time,0,UPI
PAY-000084,KVH-HE-00015,C0007,2026-09-18,2026-09-16,2129,2129,On-time,0,NACH Auto-debit
PAY-000085,KVH-HE-00015,C0007,2026-08-18,2026-08-15,2129,2129,On-time,0,NACH Auto-debit
PAY-000086,KVH-HE-00015,C0007,2026-07-18,2026-07-14,2129,2129,On-time,0,NACH Auto-debit
PAY-000087,KVH-HE-00015,C0007,2026-06-18,2026-06-14,2129,2129,On-time,0,UPI
PAY-000088,KVH-HE-00015,C0007,2026-05-18,2026-05-18,2129,2129,On-time,0,UPI
PAY-000089,KVH-HE-00015,C0007,2026-04-18,2026-04-15,2129,2129,On-time,0,NACH Auto-debit
PAY-000090,KVH-HE-00015,C0007,2026-03-18,2026-03-15,2129,2129,On-time,0,NACH Auto-debit
PAY-000091,KVH-HE-00015,C0007,2026-02-18,2026-02-14,2129,2129,On-time,0,NACH Auto-debit
PAY-000092,KVH-HE-00015,C0007,2026-01-18,2026-01-14,2129,2129,On-time,0,UPI
PAY-000093,KVH-HE-00015,C0007,2025-12-18,2025-12-18,2129,2129,On-time,0,NACH Auto-debit
PAY-000094,KVH-HE-00015,C0007,2025-11-18,2025-11-18,2129,2129,On-time,0,UPI
PAY-000095,KVH-HE-00015,C0007,2025-10-18,2025-10-15,2129,2129,On-time,0,NACH Auto-debit
PAY-000096,KVH-HE-00015,C0007,2025-09-18,2025-09-17,2129,2129,On-time,0,Net Banking
PAY-000097,KVH-HE-00015,C0007,2025-08-18,2025-08-18,2129,2129,On-time,0,NACH Auto-debit
PAY-000098,KVH-HE-00015,C0007,2025-07-18,2025-07-14,2129,2129,On-time,0,UPI
PAY-000099,KVH-HE-00015,C0007,2025-06-18,2025-06-16,2129,2129,On-time,0,UPI
PAY-000100,KVH-HE-00015,C0007,2025-05-18,2025-05-18,2129,2129,On-time,0,UPI
PAY-000101,KVH-MO-00016,C0007,2025-10-14,2025-10-10,18150,18150,On-time,0,UPI
PAY-000102,KVH-LI-00017,C0008,2026-10-03,2026-09-30,25750,25750,On-time,0,Credit Card
PAY-000103,KVH-LI-00017,C0008,2025-10-03,2025-10-03,25750,25750,On-time,0,Cheque
PAY-000104,KVH-HE-00018,C0008,2025-10-07,2025-10-06,18250,18250,On-time,0,Credit Card
PAY-000105,KVH-HO-00019,C0008,2025-10-12,2025-10-09,2350,2350,On-time,0,Credit Card
PAY-000106,KVH-LI-00020,C0009,2026-07-07,2026-07-04,8900,8900,On-time,0,Cheque
PAY-000107,KVH-LI-00020,C0009,2026-04-07,2026-04-05,8900,8900,On-time,0,Credit Card
PAY-000108,KVH-LI-00020,C0009,2026-01-07,2026-01-05,8900,8900,On-time,0,Credit Card
PAY-000109,KVH-LI-00020,C0009,2025-10-07,2025-10-03,8900,8900,On-time,0,UPI
PAY-000110,KVH-LI-00020,C0009,2025-07-07,2025-07-07,8900,8900,On-time,0,Net Banking
PAY-000111,KVH-HE-00021,C0009,2026-07-20,2026-07-20,2838,2838,On-time,0,NACH Auto-debit
PAY-000112,KVH-HE-00021,C0009,2026-04-20,2026-04-16,2838,2838,On-time,0,Net Banking
PAY-000113,KVH-HE-00021,C0009,2026-01-20,2026-01-16,2838,2838,On-time,0,UPI
PAY-000114,KVH-HE-00021,C0009,2025-10-20,2025-10-19,2838,2838,On-time,0,UPI
PAY-000115,KVH-HE-00021,C0009,2025-07-20,2025-07-17,2838,2838,On-time,0,UPI
PAY-000116,KVH-HO-00022,C0009,2026-09-24,2026-09-21,629,629,On-time,0,UPI
PAY-000117,KVH-HO-00022,C0009,2026-08-24,2026-08-22,629,629,On-time,0,NACH Auto-debit
PAY-000118,KVH-HO-00022,C0009,2026-07-24,2026-07-20,629,629,On-time,0,NACH Auto-debit
PAY-000119,KVH-HO-00022,C0009,2026-06-24,2026-06-22,629,629,On-time,0,Net Banking
PAY-000120,KVH-HO-00022,C0009,2026-05-24,2026-05-21,629,629,On-time,0,NACH Auto-debit
PAY-000121,KVH-HO-00022,C0009,2026-04-24,2026-04-24,629,629,On-time,0,Net Banking
PAY-000122,KVH-HO-00022,C0009,2026-03-24,2026-03-24,629,629,On-time,0,Net Banking
PAY-000123,KVH-HO-00022,C0009,2026-02-24,2026-02-24,629,629,On-time,0,UPI
PAY-000124,KVH-HO-00022,C0009,2026-01-24,2026-01-21,629,629,On-time,0,UPI
PAY-000125,KVH-HO-00022,C0009,2025-12-24,2025-12-21,629,629,On-time,0,UPI
PAY-000126,KVH-HO-00022,C0009,2025-11-24,2025-11-21,629,629,On-time,0,UPI
PAY-000127,KVH-HO-00022,C0009,2025-10-24,2025-10-24,629,629,On-time,0,Credit Card
PAY-000128,KVH-HO-00022,C0009,2025-09-24,2025-09-21,629,629,On-time,0,Credit Card
PAY-000129,KVH-MO-00023,C0010,2025-10-19,2025-10-16,11550,11550,On-time,0,UPI
PAY-000130,KVH-HE-00024,C0010,2026-07-15,2026-07-15,4962,4962,On-time,0,UPI
PAY-000131,KVH-HE-00024,C0010,2026-04-15,2026-04-11,4962,4962,On-time,0,UPI
PAY-000132,KVH-HE-00024,C0010,2026-01-15,2026-01-14,4962,4962,On-time,0,UPI
PAY-000133,KVH-HE-00024,C0010,2025-10-15,2025-10-15,4962,4962,On-time,0,NACH Auto-debit
PAY-000134,KVH-HE-00024,C0010,2025-07-15,2025-07-13,4962,4962,On-time,0,NACH Auto-debit
PAY-000135,KVH-HO-00025,C0010,2026-10-01,2026-09-27,333,333,On-time,0,UPI
PAY-000136,KVH-HO-00025,C0010,2026-09-01,2026-08-31,333,333,On-time,0,NACH Auto-debit
PAY-000137,KVH-HO-00025,C0010,2026-08-01,2026-08-01,333,333,On-time,0,Cheque
PAY-000138,KVH-HO-00025,C0010,2026-07-01,2026-06-29,333,333,On-time,0,NACH Auto-debit
PAY-000139,KVH-HO-00025,C0010,2026-06-01,2026-05-31,333,333,On-time,0,Credit Card
PAY-000140,KVH-HO-00025,C0010,2026-05-01,2026-04-28,333,333,On-time,0,UPI
PAY-000141,KVH-HO-00025,C0010,2026-04-01,2026-03-31,333,333,On-time,0,NACH Auto-debit
PAY-000142,KVH-HO-00025,C0010,2026-03-01,2026-02-25,333,333,On-time,0,UPI
PAY-000143,KVH-HO-00025,C0010,2026-02-01,2026-01-29,333,333,On-time,0,NACH Auto-debit
PAY-000144,KVH-HO-00025,C0010,2026-01-01,2025-12-30,333,333,On-time,0,UPI
PAY-000145,KVH-HO-00025,C0010,2025-12-01,2025-11-27,333,333,On-time,0,Net Banking
PAY-000146,KVH-HO-00025,C0010,2025-11-01,2025-10-29,333,333,On-time,0,Cheque
PAY-000147,KVH-HO-00025,C0010,2025-10-01,2025-09-27,333,333,On-time,0,Net Banking
PAY-000148,KVH-HO-00025,C0010,2025-09-01,2025-08-31,333,333,On-time,0,UPI
PAY-000149,KVH-HO-00025,C0010,2025-08-01,2025-07-31,333,333,On-time,0,NACH Auto-debit
PAY-000150,KVH-HO-00025,C0010,2025-07-01,2025-06-30,333,333,On-time,0,Credit Card
PAY-000151,KVH-HO-00025,C0010,2025-06-01,2025-06-01,333,333,On-time,0,UPI
PAY-000152,KVH-HO-00025,C0010,2025-05-01,2025-04-29,333,333,On-time,0,NACH Auto-debit
PAY-000153,KVH-LI-00028,C0011,2025-10-28,2025-10-25,15350,15350,On-time,0,UPI
PAY-000154,KVH-MO-00029,C0012,2026-10-04,2026-10-03,15900,15900,On-time,0,Net Banking
PAY-000155,KVH-MO-00029,C0012,2025-10-04,2025-10-04,15900,15900,On-time,0,UPI
PAY-000156,KVH-LI-00030,C0013,2026-09-27,2026-09-24,1317,1317,On-time,0,UPI
PAY-000157,KVH-LI-00030,C0013,2026-08-27,2026-09-03,1317,1317,Late,7,UPI
PAY-000158,KVH-LI-00030,C0013,2026-07-27,2026-08-14,1317,1317,Late,18,UPI
PAY-000159,KVH-MO-00031,C0014,2025-10-23,2025-10-23,13650,13650,On-time,0,NACH Auto-debit
PAY-000160,KVH-LI-00032,C0015,2025-10-28,2025-10-24,59350,59350,On-time,0,NACH Auto-debit
PAY-000161,KVH-HE-00033,C0016,2026-10-04,2026-10-03,47000,47000,On-time,0,NACH Auto-debit
PAY-000162,KVH-HE-00033,C0016,2025-10-04,2025-10-03,47000,47000,On-time,0,Net Banking
PAY-000163,KVH-HE-00034,C0017,2026-09-16,2026-09-12,2379,2379,On-time,0,NACH Auto-debit
PAY-000164,KVH-HE-00036,C0018,2025-10-26,2025-10-24,31700,31700,On-time,0,NACH Auto-debit
PAY-000165,KVH-LI-00037,C0019,2026-10-02,,20975,0,Missed,,UPI
PAY-000166,KVH-LI-00038,C0020,2026-09-05,2026-09-20,4242,4242,Late,15,Credit Card
PAY-000167,KVH-LI-00038,C0020,2026-08-05,,4242,0,Missed,,UPI
PAY-000168,KVH-LI-00038,C0020,2026-07-05,2026-07-05,4242,4242,On-time,0,Cheque
PAY-000169,KVH-LI-00038,C0020,2026-06-05,2026-06-12,4242,4242,Late,7,Credit Card
PAY-000170,KVH-LI-00038,C0020,2026-05-05,,4242,0,Missed,,NACH Auto-debit
PAY-000171,KVH-LI-00038,C0020,2026-04-05,2026-04-27,4242,4242,Late,22,NACH Auto-debit
PAY-000172,KVH-LI-00038,C0020,2026-03-05,2026-03-04,4242,4242,On-time,0,Cheque
PAY-000173,KVH-LI-00038,C0020,2026-02-05,2026-02-02,4242,4242,On-time,0,NACH Auto-debit
PAY-000174,KVH-LI-00038,C0020,2026-01-05,2026-01-03,4242,4242,On-time,0,NACH Auto-debit
PAY-000175,KVH-LI-00038,C0020,2025-12-05,2026-01-02,4242,4242,Late,28,NACH Auto-debit
PAY-000176,KVH-LI-00038,C0020,2025-11-05,2025-12-04,4242,4242,Late,29,UPI
PAY-000177,KVH-LI-00038,C0020,2025-10-05,2025-10-03,4242,4242,On-time,0,UPI
PAY-000178,KVH-LI-00038,C0020,2025-09-05,2025-10-06,4242,4242,Late,31,UPI
PAY-000179,KVH-LI-00038,C0020,2025-08-05,2025-08-03,4242,4242,On-time,0,NACH Auto-debit
PAY-000180,KVH-LI-00038,C0020,2025-07-05,2025-07-05,4242,4242,On-time,0,Net Banking
PAY-000181,KVH-LI-00038,C0020,2025-06-05,2025-06-05,4242,4242,On-time,0,NACH Auto-debit
PAY-000182,KVH-LI-00038,C0020,2025-05-05,2025-05-19,4242,4242,Late,14,Net Banking
PAY-000183,KVH-HO-00039,C0020,2026-09-18,,975,0,Missed,,UPI
PAY-000184,KVH-HO-00039,C0020,2026-08-18,,975,0,Missed,,UPI
PAY-000185,KVH-HO-00039,C0020,2026-07-18,2026-07-14,975,975,On-time,0,Cheque
PAY-000186,KVH-HO-00039,C0020,2026-06-18,2026-06-14,975,975,On-time,0,UPI
PAY-000187,KVH-HO-00039,C0020,2026-05-18,2026-05-14,975,975,On-time,0,UPI
PAY-000188,KVH-HO-00039,C0020,2026-04-18,2026-04-17,975,975,On-time,0,UPI
PAY-000189,KVH-HO-00039,C0020,2026-03-18,2026-03-14,975,975,On-time,0,Credit Card
PAY-000190,KVH-HO-00039,C0020,2026-02-18,2026-02-14,975,975,On-time,0,NACH Auto-debit
PAY-000191,KVH-HO-00039,C0020,2026-01-18,,975,0,Missed,,Credit Card
PAY-000192,KVH-HO-00039,C0020,2025-12-18,2025-12-15,975,975,On-time,0,UPI
PAY-000193,KVH-HO-00039,C0020,2025-11-18,2025-11-14,975,975,On-time,0,UPI
PAY-000194,KVH-HO-00039,C0020,2025-10-18,2025-10-18,975,975,On-time,0,Cheque
PAY-000195,KVH-HO-00039,C0020,2025-09-18,2025-10-20,975,975,Late,32,NACH Auto-debit
PAY-000196,KVH-HO-00039,C0020,2025-08-18,,975,0,Missed,,UPI
PAY-000197,KVH-HO-00039,C0020,2025-07-18,2025-07-18,975,975,On-time,0,NACH Auto-debit
PAY-000198,KVH-HO-00039,C0020,2025-06-18,2025-06-16,975,975,On-time,0,NACH Auto-debit
PAY-000199,KVH-HO-00039,C0020,2025-05-18,2025-05-17,975,975,On-time,0,UPI
PAY-000200,KVH-HE-00040,C0021,2026-09-21,2026-09-20,1042,1042,On-time,0,Credit Card
PAY-000201,KVH-HE-00040,C0021,2026-08-21,2026-08-21,1042,1042,On-time,0,NACH Auto-debit
PAY-000202,KVH-HE-00040,C0021,2026-07-21,2026-07-20,1042,1042,On-time,0,NACH Auto-debit
PAY-000203,KVH-HE-00040,C0021,2026-06-21,2026-06-19,1042,1042,On-time,0,UPI
PAY-000204,KVH-HE-00040,C0021,2026-05-21,2026-05-17,1042,1042,On-time,0,Net Banking
PAY-000205,KVH-HE-00040,C0021,2026-04-21,2026-04-21,1042,1042,On-time,0,NACH Auto-debit
PAY-000206,KVH-HE-00040,C0021,2026-03-21,2026-03-18,1042,1042,On-time,0,Net Banking
PAY-000207,KVH-HE-00040,C0021,2026-02-21,2026-02-20,1042,1042,On-time,0,Credit Card
PAY-000208,KVH-HE-00040,C0021,2026-01-21,2026-01-21,1042,1042,On-time,0,NACH Auto-debit
PAY-000209,KVH-HE-00040,C0021,2025-12-21,2025-12-21,1042,1042,On-time,0,Net Banking
PAY-000210,KVH-HE-00040,C0021,2025-11-21,2025-11-21,1042,1042,On-time,0,UPI
PAY-000211,KVH-HE-00040,C0021,2025-10-21,2025-10-19,1042,1042,On-time,0,Cheque
PAY-000212,KVH-HE-00040,C0021,2025-09-21,2025-09-17,1042,1042,On-time,0,UPI
PAY-000213,KVH-HE-00040,C0021,2025-08-21,2025-08-21,1042,1042,On-time,0,Net Banking
PAY-000214,KVH-HE-00040,C0021,2025-07-21,2025-07-21,1042,1042,On-time,0,NACH Auto-debit
PAY-000215,KVH-HE-00040,C0021,2025-06-21,2025-06-17,1042,1042,On-time,0,Net Banking
PAY-000216,KVH-HE-00040,C0021,2025-05-21,2025-05-19,1042,1042,On-time,0,UPI
PAY-000217,KVH-MO-00042,C0023,2026-10-02,2026-09-30,6100,6100,On-time,0,UPI
PAY-000218,KVH-MO-00043,C0024,2025-10-16,2025-10-15,10450,10450,On-time,0,Credit Card
PAY-000219,KVH-MO-00044,C0025,2025-10-08,2025-10-07,21900,21900,On-time,0,UPI
PAY-000220,KVH-HE-00045,C0026,2025-10-12,2025-10-09,35700,35700,On-time,0,NACH Auto-debit
PAY-000221,KVH-LI-00046,C0026,2026-10-01,,16062,0,Missed,,Net Banking
PAY-000222,KVH-LI-00046,C0026,2026-07-01,2026-06-29,16062,16062,On-time,0,UPI
PAY-000223,KVH-LI-00046,C0026,2026-04-01,2026-03-29,16062,16062,On-time,0,NACH Auto-debit
PAY-000224,KVH-LI-00046,C0026,2026-01-01,2025-12-31,16062,16062,On-time,0,NACH Auto-debit
PAY-000225,KVH-LI-00046,C0026,2025-10-01,2025-09-30,16062,16062,On-time,0,Net Banking
PAY-000226,KVH-LI-00046,C0026,2025-07-01,2025-06-27,16062,16062,On-time,0,Credit Card
PAY-000227,KVH-HO-00047,C0027,2025-10-08,2025-10-08,6500,6500,On-time,0,UPI
PAY-000228,KVH-MO-00048,C0027,2025-10-23,2025-10-20,10900,10900,On-time,0,Credit Card
PAY-000229,KVH-MO-00049,C0028,2025-10-28,2025-10-25,8850,8850,On-time,0,NACH Auto-debit
PAY-000230,KVH-HE-00050,C0029,2026-09-25,,4275,0,Missed,,UPI
PAY-000231,KVH-HE-00050,C0029,2026-08-25,2026-08-23,4275,4275,On-time,0,NACH Auto-debit
PAY-000232,KVH-LI-00052,C0030,2026-10-04,,50200,0,Missed,,UPI
PAY-000233,KVH-LI-00052,C0030,2025-10-04,2025-10-03,50200,50200,On-time,0,Net Banking
PAY-000234,KVH-HE-00053,C0030,2025-10-11,2025-10-08,29450,29450,On-time,0,NACH Auto-debit
PAY-000235,KVH-MO-00054,C0030,2026-10-04,2026-10-01,10700,10700,On-time,0,UPI
PAY-000236,KVH-HE-00055,C0031,2026-09-05,,4988,0,Missed,,Net Banking
PAY-000237,KVH-HE-00055,C0031,2026-08-05,2026-08-04,4988,4988,On-time,0,NACH Auto-debit
PAY-000238,KVH-HE-00055,C0031,2026-07-05,2026-07-05,4988,4988,On-time,0,Net Banking
PAY-000239,KVH-HE-00055,C0031,2026-06-05,2026-06-04,4988,4988,On-time,0,UPI
PAY-000240,KVH-HE-00055,C0031,2026-05-05,2026-05-03,4988,4988,On-time,0,UPI
PAY-000241,KVH-HE-00055,C0031,2026-04-05,2026-04-03,4988,4988,On-time,0,Credit Card
PAY-000242,KVH-HE-00055,C0031,2026-03-05,2026-03-02,4988,4988,On-time,0,NACH Auto-debit
PAY-000243,KVH-HE-00055,C0031,2026-02-05,2026-02-01,4988,4988,On-time,0,UPI
PAY-000244,KVH-HE-00055,C0031,2026-01-05,2026-01-05,4988,4988,On-time,0,NACH Auto-debit
PAY-000245,KVH-HE-00055,C0031,2025-12-05,2025-12-03,4988,4988,On-time,0,Credit Card
PAY-000246,KVH-HE-00055,C0031,2025-11-05,2025-11-04,4988,4988,On-time,0,Credit Card
PAY-000247,KVH-HE-00055,C0031,2025-10-05,2025-10-02,4988,4988,On-time,0,Credit Card
PAY-000248,KVH-HE-00055,C0031,2025-09-05,2025-09-01,4988,4988,On-time,0,Credit Card
PAY-000249,KVH-HE-00055,C0031,2025-08-05,2025-08-05,4988,4988,On-time,0,NACH Auto-debit
PAY-000250,KVH-HE-00055,C0031,2025-07-05,2025-07-03,4988,4988,On-time,0,UPI
PAY-000251,KVH-HE-00055,C0031,2025-06-05,2025-06-01,4988,4988,On-time,0,UPI
PAY-000252,KVH-HE-00055,C0031,2025-05-05,2025-05-04,4988,4988,On-time,0,NACH Auto-debit
PAY-000253,KVH-LI-00056,C0031,2025-10-27,2025-10-25,34800,34800,On-time,0,NACH Auto-debit
PAY-000254,KVH-MO-00057,C0032,2025-10-28,2025-10-24,14000,14000,On-time,0,Credit Card
PAY-000255,KVH-LI-00058,C0032,2025-10-14,2025-10-10,47450,47450,On-time,0,UPI
PAY-000256,KVH-HE-00059,C0033,2026-10-01,2026-09-29,23650,23650,On-time,0,NACH Auto-debit
PAY-000257,KVH-HE-00059,C0033,2025-10-01,2025-09-27,23650,23650,On-time,0,Credit Card
PAY-000258,KVH-HE-00060,C0034,2026-07-10,2026-07-09,3400,3400,On-time,0,Net Banking
PAY-000259,KVH-HE-00060,C0034,2026-04-10,2026-04-08,3400,3400,On-time,0,Credit Card
PAY-000260,KVH-HE-00060,C0034,2026-01-10,2026-01-07,3400,3400,On-time,0,NACH Auto-debit
PAY-000261,KVH-HE-00060,C0034,2025-10-10,2025-10-07,3400,3400,On-time,0,Credit Card
PAY-000262,KVH-HE-00060,C0034,2025-07-10,2025-07-07,3400,3400,On-time,0,UPI
PAY-000263,KVH-MO-00061,C0034,2025-10-28,2025-10-26,28150,28150,On-time,0,NACH Auto-debit
PAY-000264,KVH-HO-00062,C0034,2026-10-04,2026-10-01,612,612,On-time,0,UPI
PAY-000265,KVH-HO-00062,C0034,2026-09-04,2026-09-03,612,612,On-time,0,Net Banking
PAY-000266,KVH-HO-00062,C0034,2026-08-04,2026-07-31,612,612,On-time,0,Credit Card
PAY-000267,KVH-HO-00062,C0034,2026-07-04,2026-07-02,612,612,On-time,0,Cheque
PAY-000268,KVH-HO-00062,C0034,2026-06-04,,612,0,Missed,,UPI
PAY-000269,KVH-HE-00063,C0035,2026-09-23,2026-09-21,3038,3038,On-time,0,NACH Auto-debit
PAY-000270,KVH-HE-00063,C0035,2026-08-23,2026-08-22,3038,3038,On-time,0,UPI
PAY-000271,KVH-HE-00063,C0035,2026-07-23,2026-07-22,3038,3038,On-time,0,Net Banking
PAY-000272,KVH-HE-00063,C0035,2026-06-23,2026-06-20,3038,3038,On-time,0,UPI
PAY-000273,KVH-HE-00063,C0035,2026-05-23,2026-05-20,3038,3038,On-time,0,Credit Card
PAY-000274,KVH-HE-00063,C0035,2026-04-23,2026-04-21,3038,3038,On-time,0,UPI
PAY-000275,KVH-HE-00063,C0035,2026-03-23,2026-03-22,3038,3038,On-time,0,UPI
PAY-000276,KVH-HE-00063,C0035,2026-02-23,2026-02-21,3038,3038,On-time,0,Net Banking
PAY-000277,KVH-HE-00063,C0035,2026-01-23,2026-01-22,3038,3038,On-time,0,Credit Card
PAY-000278,KVH-HE-00063,C0035,2025-12-23,2025-12-22,3038,3038,On-time,0,NACH Auto-debit
PAY-000279,KVH-HE-00063,C0035,2025-11-23,2025-11-22,3038,3038,On-time,0,UPI
PAY-000280,KVH-HE-00063,C0035,2025-10-23,2025-10-22,3038,3038,On-time,0,UPI
PAY-000281,KVH-HE-00063,C0035,2025-09-23,2025-09-21,3038,3038,On-time,0,NACH Auto-debit
PAY-000282,KVH-HE-00063,C0035,2025-08-23,2025-08-20,3038,3038,On-time,0,UPI
PAY-000283,KVH-HE-00063,C0035,2025-07-23,2025-07-20,3038,3038,On-time,0,Cheque
PAY-000284,KVH-HE-00063,C0035,2025-06-23,2025-06-21,3038,3038,On-time,0,UPI
PAY-000285,KVH-HE-00063,C0035,2025-05-23,2025-05-23,3038,3038,On-time,0,Cheque
PAY-000286,KVH-MO-00064,C0035,2025-10-21,2025-10-21,34150,34150,On-time,0,UPI
PAY-000287,KVH-LI-00065,C0035,2026-07-15,2026-07-11,37938,37938,On-time,0,UPI
PAY-000288,KVH-LI-00065,C0035,2026-04-15,2026-04-13,37938,37938,On-time,0,UPI
PAY-000289,KVH-LI-00065,C0035,2026-01-15,2026-02-16,37938,37938,Late,32,UPI
PAY-000290,KVH-LI-00065,C0035,2025-10-15,2025-10-15,37938,37938,On-time,0,NACH Auto-debit
PAY-000291,KVH-LI-00065,C0035,2025-07-15,2025-07-12,37938,37938,On-time,0,Credit Card
PAY-000292,KVH-HE-00066,C0036,2025-10-26,2025-10-25,26500,26500,On-time,0,UPI
PAY-000293,KVH-HO-00067,C0037,2025-10-06,2025-10-06,6600,6600,On-time,0,Credit Card
PAY-000294,KVH-HE-00068,C0038,2026-09-10,,3975,0,Missed,,NACH Auto-debit
PAY-000295,KVH-HE-00068,C0038,2026-08-10,2026-08-10,3975,3975,On-time,0,Net Banking
PAY-000296,KVH-HE-00068,C0038,2026-07-10,2026-07-06,3975,3975,On-time,0,Net Banking
PAY-000297,KVH-HE-00068,C0038,2026-06-10,2026-06-08,3975,3975,On-time,0,UPI
PAY-000298,KVH-HE-00068,C0038,2026-05-10,2026-06-05,3975,3975,Late,26,UPI
PAY-000299,KVH-HE-00068,C0038,2026-04-10,2026-05-12,3975,3975,Late,32,UPI
PAY-000300,KVH-HE-00068,C0038,2026-03-10,2026-03-06,3975,3975,On-time,0,NACH Auto-debit
PAY-000301,KVH-HE-00068,C0038,2026-02-10,2026-02-09,3975,3975,On-time,0,NACH Auto-debit
PAY-000302,KVH-MO-00070,C0039,2026-10-03,2026-10-02,13750,13750,On-time,0,NACH Auto-debit
PAY-000303,KVH-MO-00070,C0039,2025-10-03,2025-10-01,13750,13750,On-time,0,UPI
PAY-000304,KVH-LI-00071,C0039,2025-10-13,2025-10-10,42600,42600,On-time,0,NACH Auto-debit
PAY-000305,KVH-HE-00072,C0039,2025-10-08,2025-10-08,18000,18000,On-time,0,UPI
PAY-000306,KVH-HE-00073,C0040,2026-07-08,2026-07-04,3038,3038,On-time,0,Net Banking
PAY-000307,KVH-HE-00073,C0040,2026-04-08,2026-04-07,3038,3038,On-time,0,UPI
PAY-000308,KVH-HE-00073,C0040,2026-01-08,2026-01-07,3038,3038,On-time,0,NACH Auto-debit
PAY-000309,KVH-HE-00073,C0040,2025-10-08,2025-10-04,3038,3038,On-time,0,UPI
PAY-000310,KVH-HE-00073,C0040,2025-07-08,2025-07-06,3038,3038,On-time,0,NACH Auto-debit
PAY-000311,KVH-MO-00074,C0041,2026-10-04,,7750,0,Missed,,Credit Card
PAY-000312,KVH-MO-00074,C0041,2025-10-04,2025-10-23,7750,7750,Late,19,NACH Auto-debit
PAY-000313,KVH-HE-00075,C0041,2026-09-07,2026-09-05,1783,1783,On-time,0,NACH Auto-debit
PAY-000314,KVH-HE-00075,C0041,2026-08-07,2026-08-03,1783,1783,On-time,0,Net Banking
PAY-000315,KVH-HE-00075,C0041,2026-07-07,2026-07-25,1783,1783,Late,18,Credit Card
PAY-000316,KVH-HE-00075,C0041,2026-06-07,,1783,0,Missed,,Cheque
PAY-000317,KVH-HE-00075,C0041,2026-05-07,2026-05-06,1783,1783,On-time,0,NACH Auto-debit
PAY-000318,KVH-HE-00075,C0041,2026-04-07,2026-04-05,1783,1783,On-time,0,UPI
PAY-000319,KVH-HE-00075,C0041,2026-03-07,2026-03-03,1783,1783,On-time,0,NACH Auto-debit
PAY-000320,KVH-HE-00075,C0041,2026-02-07,2026-03-08,1783,1783,Late,29,Net Banking
PAY-000321,KVH-HE-00075,C0041,2026-01-07,2026-01-18,1783,1783,Late,11,UPI
PAY-000322,KVH-HE-00075,C0041,2025-12-07,2026-01-03,1783,1783,Late,27,UPI
PAY-000323,KVH-HE-00075,C0041,2025-11-07,2025-11-06,1783,1783,On-time,0,NACH Auto-debit
PAY-000324,KVH-HE-00075,C0041,2025-10-07,2025-10-04,1783,1783,On-time,0,Credit Card
PAY-000325,KVH-HE-00075,C0041,2025-09-07,2025-10-01,1783,1783,Late,24,NACH Auto-debit
PAY-000326,KVH-HE-00075,C0041,2025-08-07,2025-08-07,1783,1783,On-time,0,NACH Auto-debit
PAY-000327,KVH-HE-00075,C0041,2025-07-07,2025-08-04,1783,1783,Late,28,UPI
PAY-000328,KVH-HE-00075,C0041,2025-06-07,2025-06-03,1783,1783,On-time,0,UPI
PAY-000329,KVH-HE-00075,C0041,2025-05-07,2025-05-06,1783,1783,On-time,0,Credit Card
PAY-000330,KVH-HO-00076,C0042,2026-09-20,,517,0,Missed,,NACH Auto-debit
PAY-000331,KVH-HO-00076,C0042,2026-08-20,,517,0,Missed,,Credit Card
PAY-000332,KVH-HO-00076,C0042,2026-07-20,,517,0,Missed,,UPI
PAY-000333,KVH-HO-00076,C0042,2026-06-20,2026-06-18,517,517,On-time,0,UPI
PAY-000334,KVH-HO-00076,C0042,2026-05-20,2026-06-12,517,517,Late,23,Credit Card
PAY-000335,KVH-HO-00076,C0042,2026-04-20,2026-04-16,517,517,On-time,0,UPI
PAY-000336,KVH-HO-00076,C0042,2026-03-20,2026-03-16,517,517,On-time,0,UPI
PAY-000337,KVH-HO-00076,C0042,2026-02-20,2026-02-17,517,517,On-time,0,UPI
PAY-000338,KVH-HO-00076,C0042,2026-01-20,2026-01-19,517,517,On-time,0,NACH Auto-debit
PAY-000339,KVH-HO-00076,C0042,2025-12-20,2025-12-17,517,517,On-time,0,UPI
PAY-000340,KVH-HO-00076,C0042,2025-11-20,2025-11-17,517,517,On-time,0,NACH Auto-debit
PAY-000341,KVH-HO-00076,C0042,2025-10-20,2025-10-17,517,517,On-time,0,UPI
PAY-000342,KVH-HO-00076,C0042,2025-09-20,2025-09-16,517,517,On-time,0,UPI
PAY-000343,KVH-HO-00076,C0042,2025-08-20,2025-08-19,517,517,On-time,0,NACH Auto-debit
PAY-000344,KVH-HO-00076,C0042,2025-07-20,2025-07-18,517,517,On-time,0,UPI
PAY-000345,KVH-HO-00076,C0042,2025-06-20,2025-06-16,517,517,On-time,0,Credit Card
PAY-000346,KVH-HO-00076,C0042,2025-05-20,2025-05-18,517,517,On-time,0,UPI
PAY-000347,KVH-HE-00077,C0042,2025-10-25,2025-10-24,18550,18550,On-time,0,UPI
PAY-000348,KVH-MO-00078,C0042,2025-10-18,,11900,0,Missed,,NACH Auto-debit
PAY-000349,KVH-HO-00079,C0043,2026-09-07,2026-09-07,250,250,On-time,0,Credit Card
PAY-000350,KVH-HO-00079,C0043,2026-08-07,2026-08-07,250,250,On-time,0,Credit Card
PAY-000351,KVH-HO-00079,C0043,2026-07-07,2026-07-07,250,250,On-time,0,UPI
PAY-000352,KVH-HO-00079,C0043,2026-06-07,2026-07-06,250,250,Late,29,Net Banking
PAY-000353,KVH-HO-00079,C0043,2026-05-07,2026-05-03,250,250,On-time,0,Cheque
PAY-000354,KVH-HO-00079,C0043,2026-04-07,2026-05-09,250,250,Late,32,UPI
PAY-000355,KVH-HO-00079,C0043,2026-03-07,2026-03-06,250,250,On-time,0,NACH Auto-debit
PAY-000356,KVH-HO-00079,C0043,2026-02-07,2026-02-07,250,250,On-time,0,NACH Auto-debit
PAY-000357,KVH-HO-00079,C0043,2026-01-07,2026-02-10,250,250,Late,34,UPI
PAY-000358,KVH-HO-00079,C0043,2025-12-07,2025-12-04,250,250,On-time,0,UPI
PAY-000359,KVH-HO-00079,C0043,2025-11-07,2025-11-04,250,250,On-time,0,NACH Auto-debit
PAY-000360,KVH-HO-00079,C0043,2025-10-07,2025-10-05,250,250,On-time,0,UPI
PAY-000361,KVH-HO-00079,C0043,2025-09-07,2025-09-07,250,250,On-time,0,Credit Card
PAY-000362,KVH-HO-00079,C0043,2025-08-07,2025-09-10,250,250,Late,34,Credit Card
PAY-000363,KVH-HO-00079,C0043,2025-07-07,2025-07-05,250,250,On-time,0,NACH Auto-debit
PAY-000364,KVH-HO-00079,C0043,2025-06-07,,250,0,Missed,,Net Banking
PAY-000365,KVH-HO-00079,C0043,2025-05-07,2025-05-03,250,250,On-time,0,UPI
PAY-000366,KVH-MO-00080,C0044,2025-10-17,2025-10-15,16100,16100,On-time,0,Net Banking
PAY-000367,KVH-HO-00081,C0045,2026-10-04,2026-10-03,12500,12500,On-time,0,Credit Card
PAY-000368,KVH-HO-00081,C0045,2025-10-04,2025-09-30,12500,12500,On-time,0,Net Banking
PAY-000369,KVH-HE-00082,C0045,2026-07-07,2026-07-03,12162,12162,On-time,0,UPI
PAY-000370,KVH-HE-00082,C0045,2026-04-07,2026-04-05,12162,12162,On-time,0,NACH Auto-debit
PAY-000371,KVH-HE-00082,C0045,2026-01-07,2026-01-03,12162,12162,On-time,0,UPI
PAY-000372,KVH-HE-00082,C0045,2025-10-07,2025-10-06,12162,12162,On-time,0,NACH Auto-debit
PAY-000373,KVH-HE-00082,C0045,2025-07-07,2025-07-04,12162,12162,On-time,0,NACH Auto-debit
PAY-000374,KVH-MO-00083,C0046,2025-10-26,2025-10-22,21400,21400,On-time,0,UPI
PAY-000375,KVH-HO-00084,C0046,2026-09-28,2026-09-24,896,896,On-time,0,UPI
PAY-000376,KVH-HO-00084,C0046,2026-08-28,2026-08-25,896,896,On-time,0,UPI
PAY-000377,KVH-HO-00084,C0046,2026-07-28,2026-07-24,896,896,On-time,0,NACH Auto-debit
PAY-000378,KVH-HO-00084,C0046,2026-06-28,2026-06-26,896,896,On-time,0,UPI
PAY-000379,KVH-HO-00084,C0046,2026-05-28,2026-05-25,896,896,On-time,0,NACH Auto-debit
PAY-000380,KVH-HO-00084,C0046,2026-04-28,2026-04-27,896,896,On-time,0,UPI
PAY-000381,KVH-HO-00084,C0046,2026-03-28,2026-03-26,896,896,On-time,0,UPI
PAY-000382,KVH-HO-00084,C0046,2026-02-28,2026-02-27,896,896,On-time,0,UPI
PAY-000383,KVH-HO-00084,C0046,2026-01-28,2026-01-24,896,896,On-time,0,UPI
PAY-000384,KVH-HO-00084,C0046,2025-12-28,2025-12-26,896,896,On-time,0,Credit Card
PAY-000385,KVH-HO-00084,C0046,2025-11-28,2025-11-24,896,896,On-time,0,Credit Card
PAY-000386,KVH-HO-00084,C0046,2025-10-28,2025-10-28,896,896,On-time,0,Credit Card
PAY-000387,KVH-HO-00084,C0046,2025-09-28,,896,0,Missed,,NACH Auto-debit
PAY-000388,KVH-HO-00084,C0046,2025-08-28,2025-08-24,896,896,On-time,0,UPI
PAY-000389,KVH-HO-00084,C0046,2025-07-28,2025-07-28,896,896,On-time,0,Credit Card
PAY-000390,KVH-HO-00084,C0046,2025-06-28,2025-06-28,896,896,On-time,0,NACH Auto-debit
PAY-000391,KVH-HO-00084,C0046,2025-05-28,2025-05-27,896,896,On-time,0,Credit Card
PAY-000392,KVH-LI-00085,C0047,2026-07-19,2026-07-16,15938,15938,On-time,0,UPI
PAY-000393,KVH-LI-00085,C0047,2026-04-19,2026-04-16,15938,15938,On-time,0,UPI
PAY-000394,KVH-LI-00085,C0047,2026-01-19,2026-01-15,15938,15938,On-time,0,Cheque
PAY-000395,KVH-LI-00085,C0047,2025-10-19,2025-10-19,15938,15938,On-time,0,NACH Auto-debit
PAY-000396,KVH-LI-00085,C0047,2025-07-19,2025-07-19,15938,15938,On-time,0,UPI
PAY-000397,KVH-MO-00086,C0047,2025-10-28,2025-10-27,7800,7800,On-time,0,NACH Auto-debit
PAY-000398,KVH-MO-00087,C0048,2025-10-24,2025-10-21,8100,8100,On-time,0,NACH Auto-debit
PAY-000399,KVH-HE-00088,C0048,2026-10-03,2026-09-30,12100,12100,On-time,0,Credit Card
PAY-000400,KVH-HE-00088,C0048,2025-10-03,2025-09-29,12100,12100,On-time,0,Net Banking
PAY-000401,KVH-LI-00089,C0048,2026-10-04,2026-10-01,2158,2158,On-time,0,Cheque
PAY-000402,KVH-LI-00089,C0048,2026-09-04,2026-09-04,2158,2158,On-time,0,UPI
PAY-000403,KVH-LI-00089,C0048,2026-08-04,2026-09-09,2158,2158,Late,36,NACH Auto-debit
PAY-000404,KVH-LI-00089,C0048,2026-07-04,2026-07-01,2158,2158,On-time,0,NACH Auto-debit
PAY-000405,KVH-LI-00089,C0048,2026-06-04,2026-06-01,2158,2158,On-time,0,Net Banking
PAY-000406,KVH-LI-00089,C0048,2026-05-04,2026-05-18,2158,2158,Late,14,Credit Card
PAY-000407,KVH-LI-00089,C0048,2026-04-04,2026-03-31,2158,2158,On-time,0,NACH Auto-debit
PAY-000408,KVH-LI-00089,C0048,2026-03-04,2026-03-02,2158,2158,On-time,0,Credit Card
PAY-000409,KVH-LI-00089,C0048,2026-02-04,2026-02-02,2158,2158,On-time,0,UPI
PAY-000410,KVH-LI-00089,C0048,2026-01-04,2026-01-04,2158,2158,On-time,0,Credit Card
PAY-000411,KVH-LI-00089,C0048,2025-12-04,2025-12-02,2158,2158,On-time,0,UPI
PAY-000412,KVH-LI-00089,C0048,2025-11-04,2025-11-01,2158,2158,On-time,0,Credit Card
PAY-000413,KVH-LI-00089,C0048,2025-10-04,2025-10-03,2158,2158,On-time,0,UPI
PAY-000414,KVH-LI-00089,C0048,2025-09-04,2025-08-31,2158,2158,On-time,0,Credit Card
PAY-000415,KVH-LI-00089,C0048,2025-08-04,2025-08-04,2158,2158,On-time,0,NACH Auto-debit
PAY-000416,KVH-LI-00089,C0048,2025-07-04,2025-07-02,2158,2158,On-time,0,UPI
PAY-000417,KVH-MO-00090,C0049,2025-10-23,2025-11-20,9250,9250,Late,28,UPI
PAY-000418,KVH-HE-00091,C0050,2026-10-02,2026-09-28,24650,24650,On-time,0,UPI
PAY-000419,KVH-HE-00091,C0050,2025-10-02,2025-09-30,24650,24650,On-time,0,NACH Auto-debit
PAY-000420,KVH-HO-00092,C0050,2026-10-03,,900,0,Missed,,UPI
PAY-000421,KVH-HO-00092,C0050,2026-07-03,2026-07-03,900,900,On-time,0,UPI
PAY-000422,KVH-HO-00092,C0050,2026-04-03,2026-04-01,900,900,On-time,0,Credit Card
PAY-000423,KVH-HO-00092,C0050,2026-01-03,2026-01-02,900,900,On-time,0,Net Banking
PAY-000424,KVH-HO-00092,C0050,2025-10-03,2025-10-02,900,900,On-time,0,UPI
PAY-000425,KVH-HO-00092,C0050,2025-07-03,2025-07-02,900,900,On-time,0,UPI
PAY-000426,KVH-LI-00093,C0051,2025-10-22,2025-10-19,75750,75750,On-time,0,NACH Auto-debit
PAY-000427,KVH-MO-00094,C0052,2025-10-28,,22100,0,Missed,,Cheque
PAY-000428,KVH-HE-00095,C0052,2026-09-28,,2008,0,Missed,,UPI
PAY-000429,KVH-HE-00095,C0052,2026-08-28,,2008,0,Missed,,NACH Auto-debit
PAY-000430,KVH-HE-00095,C0052,2026-07-28,2026-07-25,2008,2008,On-time,0,Net Banking
PAY-000431,KVH-HE-00095,C0052,2026-06-28,2026-07-31,2008,2008,Late,33,NACH Auto-debit
PAY-000432,KVH-HE-00095,C0052,2026-05-28,2026-06-18,2008,2008,Late,21,Net Banking
PAY-000433,KVH-HE-00095,C0052,2026-04-28,2026-04-28,2008,2008,On-time,0,NACH Auto-debit
PAY-000434,KVH-HE-00095,C0052,2026-03-28,2026-03-27,2008,2008,On-time,0,UPI
PAY-000435,KVH-HE-00095,C0052,2026-02-28,2026-02-25,2008,2008,On-time,0,Credit Card
PAY-000436,KVH-HE-00095,C0052,2026-01-28,2026-01-26,2008,2008,On-time,0,UPI
PAY-000437,KVH-HE-00095,C0052,2025-12-28,2025-12-28,2008,2008,On-time,0,Net Banking
PAY-000438,KVH-HE-00095,C0052,2025-11-28,2025-11-26,2008,2008,On-time,0,UPI
PAY-000439,KVH-HE-00095,C0052,2025-10-28,2025-11-23,2008,2008,Late,26,NACH Auto-debit
PAY-000440,KVH-HE-00095,C0052,2025-09-28,2025-10-23,2008,2008,Late,25,Net Banking
PAY-000441,KVH-HE-00095,C0052,2025-08-28,2025-08-26,2008,2008,On-time,0,UPI
PAY-000442,KVH-HE-00095,C0052,2025-07-28,,2008,0,Missed,,UPI
PAY-000443,KVH-HE-00095,C0052,2025-06-28,2025-06-25,2008,2008,On-time,0,UPI
PAY-000444,KVH-HE-00095,C0052,2025-05-28,2025-06-15,2008,2008,Late,18,UPI
PAY-000445,KVH-HO-00096,C0052,2026-07-21,2026-07-20,1462,1462,On-time,0,NACH Auto-debit
PAY-000446,KVH-HO-00096,C0052,2026-04-21,2026-04-18,1462,1462,On-time,0,UPI
PAY-000447,KVH-HO-00096,C0052,2026-01-21,2026-01-20,1462,1462,On-time,0,Net Banking
PAY-000448,KVH-HO-00096,C0052,2025-10-21,,1462,0,Missed,,NACH Auto-debit
PAY-000449,KVH-HO-00096,C0052,2025-07-21,,1462,0,Missed,,Credit Card
PAY-000450,KVH-HE-00098,C0054,2026-09-20,2026-09-28,3125,3125,Late,8,Net Banking
PAY-000451,KVH-HE-00098,C0054,2026-08-20,,3125,0,Missed,,Net Banking
PAY-000452,KVH-HE-00098,C0054,2026-07-20,2026-07-19,3125,3125,On-time,0,UPI
PAY-000453,KVH-HE-00098,C0054,2026-06-20,2026-06-19,3125,3125,On-time,0,Net Banking
PAY-000454,KVH-HE-00100,C0055,2026-09-12,2026-09-10,1775,1775,On-time,0,UPI
PAY-000455,KVH-HE-00100,C0055,2026-08-12,2026-08-23,1775,1775,Late,11,UPI
PAY-000456,KVH-HE-00100,C0055,2026-07-12,2026-07-10,1775,1775,On-time,0,UPI
PAY-000457,KVH-HE-00100,C0055,2026-06-12,2026-06-11,1775,1775,On-time,0,Credit Card
PAY-000458,KVH-HE-00100,C0055,2026-05-12,2026-05-09,1775,1775,On-time,0,Net Banking
PAY-000459,KVH-HE-00100,C0055,2026-04-12,2026-04-12,1775,1775,On-time,0,NACH Auto-debit
PAY-000460,KVH-HE-00100,C0055,2026-03-12,,1775,0,Missed,,Net Banking
PAY-000461,KVH-HE-00100,C0055,2026-02-12,2026-02-08,1775,1775,On-time,0,Credit Card
PAY-000462,KVH-HE-00100,C0055,2026-01-12,2026-01-08,1775,1775,On-time,0,Credit Card
PAY-000463,KVH-HE-00100,C0055,2025-12-12,2025-12-12,1775,1775,On-time,0,UPI
PAY-000464,KVH-HE-00100,C0055,2025-11-12,2025-11-11,1775,1775,On-time,0,NACH Auto-debit
PAY-000465,KVH-HE-00100,C0055,2025-10-12,2025-10-12,1775,1775,On-time,0,NACH Auto-debit
PAY-000466,KVH-HE-00100,C0055,2025-09-12,2025-09-09,1775,1775,On-time,0,UPI
PAY-000467,KVH-HE-00100,C0055,2025-08-12,2025-08-11,1775,1775,On-time,0,NACH Auto-debit
PAY-000468,KVH-HE-00100,C0055,2025-07-12,2025-07-12,1775,1775,On-time,0,UPI
PAY-000469,KVH-HE-00100,C0055,2025-06-12,2025-06-10,1775,1775,On-time,0,NACH Auto-debit
PAY-000470,KVH-HE-00100,C0055,2025-05-12,2025-05-11,1775,1775,On-time,0,UPI
PAY-000471,KVH-MO-00101,C0055,2026-10-02,2026-09-30,10800,10800,On-time,0,NACH Auto-debit
PAY-000472,KVH-MO-00101,C0055,2025-10-02,2025-10-01,10800,10800,On-time,0,UPI
PAY-000473,KVH-LI-00102,C0055,2026-10-02,,5046,0,Missed,,Cheque
PAY-000474,KVH-LI-00102,C0055,2026-09-02,2026-08-30,5046,5046,On-time,0,Credit Card
PAY-000475,KVH-LI-00102,C0055,2026-08-02,2026-08-09,5046,5046,Late,7,UPI
PAY-000476,KVH-LI-00102,C0055,2026-07-02,2026-06-30,5046,5046,On-time,0,UPI
PAY-000477,KVH-LI-00102,C0055,2026-06-02,2026-05-31,5046,5046,On-time,0,UPI
PAY-000478,KVH-LI-00102,C0055,2026-05-02,2026-05-08,5046,5046,Late,6,Credit Card
PAY-000479,KVH-LI-00102,C0055,2026-04-02,2026-04-01,5046,5046,On-time,0,Net Banking
PAY-000480,KVH-LI-00102,C0055,2026-03-02,2026-03-28,5046,5046,Late,26,NACH Auto-debit
PAY-000481,KVH-LI-00102,C0055,2026-02-02,2026-01-30,5046,5046,On-time,0,UPI
PAY-000482,KVH-LI-00102,C0055,2026-01-02,2025-12-30,5046,5046,On-time,0,NACH Auto-debit
PAY-000483,KVH-LI-00102,C0055,2025-12-02,2025-12-01,5046,5046,On-time,0,UPI
PAY-000484,KVH-LI-00102,C0055,2025-11-02,2025-11-01,5046,5046,On-time,0,NACH Auto-debit
PAY-000485,KVH-LI-00102,C0055,2025-10-02,2025-09-28,5046,5046,On-time,0,NACH Auto-debit
PAY-000486,KVH-LI-00102,C0055,2025-09-02,2025-09-01,5046,5046,On-time,0,NACH Auto-debit
PAY-000487,KVH-LI-00102,C0055,2025-08-02,2025-08-02,5046,5046,On-time,0,NACH Auto-debit
PAY-000488,KVH-LI-00102,C0055,2025-07-02,2025-06-30,5046,5046,On-time,0,Cheque
PAY-000489,KVH-LI-00102,C0055,2025-06-02,,5046,0,Missed,,UPI
PAY-000490,KVH-LI-00102,C0055,2025-05-02,2025-05-02,5046,5046,On-time,0,NACH Auto-debit
PAY-000491,KVH-LI-00105,C0057,2026-09-25,2026-09-25,1658,1658,On-time,0,Credit Card
PAY-000492,KVH-LI-00105,C0057,2026-08-25,2026-08-23,1658,1658,On-time,0,Cheque
PAY-000493,KVH-LI-00105,C0057,2026-07-25,2026-07-22,1658,1658,On-time,0,UPI
PAY-000494,KVH-LI-00105,C0057,2026-06-25,2026-06-22,1658,1658,On-time,0,Net Banking
PAY-000495,KVH-LI-00105,C0057,2026-05-25,2026-05-22,1658,1658,On-time,0,UPI
PAY-000496,KVH-LI-00105,C0057,2026-04-25,2026-05-05,1658,1658,Late,10,Cheque
PAY-000497,KVH-LI-00105,C0057,2026-03-25,2026-03-21,1658,1658,On-time,0,Cheque
PAY-000498,KVH-LI-00105,C0057,2026-02-25,2026-02-22,1658,1658,On-time,0,Credit Card
PAY-000499,KVH-MO-00106,C0058,2025-10-09,2025-10-07,19850,19850,On-time,0,UPI
PAY-000500,KVH-LI-00109,C0061,2026-07-07,2026-07-24,25625,25625,Late,17,UPI
PAY-000501,KVH-LI-00110,C0062,2026-07-16,2026-08-04,13438,13438,Late,19,NACH Auto-debit
PAY-000502,KVH-LI-00110,C0062,2026-04-16,2026-04-15,13438,13438,On-time,0,UPI
PAY-000503,KVH-LI-00110,C0062,2026-01-16,2026-01-15,13438,13438,On-time,0,Credit Card
PAY-000504,KVH-LI-00112,C0063,2026-10-04,2026-10-02,2375,2375,On-time,0,UPI
PAY-000505,KVH-LI-00112,C0063,2026-07-04,,2375,0,Missed,,UPI
PAY-000506,KVH-LI-00112,C0063,2026-04-04,2026-04-22,2375,2375,Late,18,Cheque
PAY-000507,KVH-LI-00112,C0063,2026-01-04,2026-01-23,2375,2375,Late,19,UPI
PAY-000508,KVH-LI-00112,C0063,2025-10-04,2025-10-04,2375,2375,On-time,0,UPI
PAY-000509,KVH-LI-00112,C0063,2025-07-04,2025-07-27,2375,2375,Late,23,Net Banking
PAY-000510,KVH-LI-00114,C0064,2025-10-25,2025-12-03,35850,35850,Late,39,Credit Card
PAY-000511,KVH-HO-00115,C0064,2025-10-10,2025-11-06,8650,8650,Late,27,Credit Card
PAY-000512,KVH-MO-00117,C0066,2025-10-22,2025-10-18,5900,5900,On-time,0,UPI
PAY-000513,KVH-HE-00118,C0067,2025-10-20,2025-10-19,43300,43300,On-time,0,UPI
PAY-000514,KVH-LI-00119,C0067,2026-09-19,2026-09-19,2329,2329,On-time,0,UPI
PAY-000515,KVH-LI-00119,C0067,2026-08-19,2026-08-15,2329,2329,On-time,0,Credit Card
PAY-000516,KVH-LI-00119,C0067,2026-07-19,2026-07-18,2329,2329,On-time,0,Credit Card
PAY-000517,KVH-LI-00119,C0067,2026-06-19,2026-06-16,2329,2329,On-time,0,Cheque
PAY-000518,KVH-LI-00119,C0067,2026-05-19,2026-05-18,2329,2329,On-time,0,NACH Auto-debit
PAY-000519,KVH-LI-00119,C0067,2026-04-19,2026-04-15,2329,2329,On-time,0,NACH Auto-debit
PAY-000520,KVH-LI-00119,C0067,2026-03-19,2026-03-31,2329,2329,Late,12,NACH Auto-debit
PAY-000521,KVH-LI-00119,C0067,2026-02-19,2026-02-17,2329,2329,On-time,0,UPI
PAY-000522,KVH-LI-00119,C0067,2026-01-19,2026-01-16,2329,2329,On-time,0,NACH Auto-debit
PAY-000523,KVH-LI-00119,C0067,2025-12-19,2025-12-16,2329,2329,On-time,0,Credit Card
PAY-000524,KVH-LI-00119,C0067,2025-11-19,2025-12-16,2329,2329,Late,27,Credit Card
PAY-000525,KVH-LI-00119,C0067,2025-10-19,2025-10-19,2329,2329,On-time,0,Net Banking
PAY-000526,KVH-LI-00119,C0067,2025-09-19,2025-09-16,2329,2329,On-time,0,NACH Auto-debit
PAY-000527,KVH-LI-00119,C0067,2025-08-19,2025-08-19,2329,2329,On-time,0,Cheque
PAY-000528,KVH-LI-00119,C0067,2025-07-19,2025-07-19,2329,2329,On-time,0,Credit Card
PAY-000529,KVH-LI-00119,C0067,2025-06-19,2025-06-17,2329,2329,On-time,0,NACH Auto-debit
PAY-000530,KVH-LI-00119,C0067,2025-05-19,2025-05-19,2329,2329,On-time,0,Cheque
PAY-000531,KVH-LI-00120,C0068,2026-10-03,2026-10-02,1783,1783,On-time,0,UPI
PAY-000532,KVH-LI-00120,C0068,2026-09-03,2026-09-01,1783,1783,On-time,0,UPI
PAY-000533,KVH-LI-00120,C0068,2026-08-03,2026-07-30,1783,1783,On-time,0,UPI
PAY-000534,KVH-LI-00120,C0068,2026-07-03,2026-07-02,1783,1783,On-time,0,UPI
PAY-000535,KVH-LI-00120,C0068,2026-06-03,2026-06-01,1783,1783,On-time,0,Credit Card
PAY-000536,KVH-LI-00120,C0068,2026-05-03,2026-04-29,1783,1783,On-time,0,UPI
PAY-000537,KVH-LI-00120,C0068,2026-04-03,2026-04-02,1783,1783,On-time,0,Credit Card
PAY-000538,KVH-LI-00120,C0068,2026-03-03,2026-03-01,1783,1783,On-time,0,Net Banking
PAY-000539,KVH-LI-00120,C0068,2026-02-03,2026-01-31,1783,1783,On-time,0,NACH Auto-debit
PAY-000540,KVH-LI-00120,C0068,2026-01-03,2025-12-31,1783,1783,On-time,0,UPI
PAY-000541,KVH-LI-00120,C0068,2025-12-03,2025-12-03,1783,1783,On-time,0,Net Banking
PAY-000542,KVH-LI-00120,C0068,2025-11-03,2025-10-31,1783,1783,On-time,0,Cheque
PAY-000543,KVH-LI-00120,C0068,2025-10-03,2025-10-03,1783,1783,On-time,0,UPI
PAY-000544,KVH-LI-00120,C0068,2025-09-03,2025-08-31,1783,1783,On-time,0,Net Banking
PAY-000545,KVH-LI-00120,C0068,2025-08-03,2025-07-31,1783,1783,On-time,0,Credit Card
PAY-000546,KVH-LI-00120,C0068,2025-07-03,2025-06-30,1783,1783,On-time,0,Net Banking
PAY-000547,KVH-LI-00120,C0068,2025-06-03,2025-06-02,1783,1783,On-time,0,UPI
PAY-000548,KVH-LI-00120,C0068,2025-05-03,2025-05-01,1783,1783,On-time,0,UPI
PAY-000549,KVH-LI-00122,C0070,2026-07-28,2026-07-27,14275,14275,On-time,0,UPI
PAY-000550,KVH-LI-00122,C0070,2026-04-28,2026-04-25,14275,14275,On-time,0,NACH Auto-debit
PAY-000551,KVH-LI-00122,C0070,2026-01-28,2026-01-24,14275,14275,On-time,0,UPI
PAY-000552,KVH-LI-00123,C0071,2026-07-17,2026-07-15,4225,4225,On-time,0,UPI
PAY-000553,KVH-LI-00123,C0071,2026-04-17,2026-04-16,4225,4225,On-time,0,UPI
PAY-000554,KVH-LI-00123,C0071,2026-01-17,2026-01-16,4225,4225,On-time,0,Cheque
PAY-000555,KVH-LI-00123,C0071,2025-10-17,2025-10-17,4225,4225,On-time,0,NACH Auto-debit
PAY-000556,KVH-LI-00123,C0071,2025-07-17,2025-07-14,4225,4225,On-time,0,NACH Auto-debit
PAY-000557,KVH-MO-00124,C0071,2025-10-16,2025-10-16,13500,13500,On-time,0,NACH Auto-debit
PAY-000558,KVH-LI-00125,C0072,2026-09-10,2026-09-09,6742,6742,On-time,0,Credit Card
PAY-000559,KVH-HE-00128,C0073,2025-10-18,2025-10-15,22350,22350,On-time,0,UPI
PAY-000560,KVH-MO-00129,C0074,2025-10-09,2025-10-27,4800,4800,Late,18,UPI
PAY-000561,KVH-HO-00130,C0074,2025-10-08,2025-10-04,8550,8550,On-time,0,NACH Auto-debit
PAY-000562,KVH-LI-00132,C0075,2026-10-02,2026-09-29,2017,2017,On-time,0,UPI
PAY-000563,KVH-LI-00132,C0075,2026-09-02,2026-09-02,2017,2017,On-time,0,Credit Card
PAY-000564,KVH-LI-00132,C0075,2026-08-02,2026-07-30,2017,2017,On-time,0,UPI
PAY-000565,KVH-HE-00133,C0076,2026-07-15,2026-07-11,19262,19262,On-time,0,UPI
PAY-000566,KVH-HE-00133,C0076,2026-04-15,2026-04-14,19262,19262,On-time,0,Credit Card
PAY-000567,KVH-HE-00133,C0076,2026-01-15,2026-01-13,19262,19262,On-time,0,Credit Card
PAY-000568,KVH-HE-00133,C0076,2025-10-15,2025-10-15,19262,19262,On-time,0,UPI
PAY-000569,KVH-HE-00133,C0076,2025-07-15,2025-07-13,19262,19262,On-time,0,UPI
PAY-000570,KVH-MO-00134,C0077,2025-10-13,2025-10-09,29750,29750,On-time,0,Net Banking
PAY-000571,KVH-MO-00135,C0078,2025-10-22,2025-10-18,30150,30150,On-time,0,UPI
PAY-000572,KVH-MO-00136,C0079,2025-10-23,2025-10-19,7300,7300,On-time,0,Net Banking
PAY-000573,KVH-HE-00137,C0080,2025-10-06,2025-10-05,71450,71450,On-time,0,UPI
PAY-000574,KVH-LI-00139,C0082,2026-09-26,2026-09-24,5412,5412,On-time,0,Credit Card
PAY-000575,KVH-LI-00139,C0082,2026-08-26,2026-08-26,5412,5412,On-time,0,Credit Card
PAY-000576,KVH-LI-00139,C0082,2026-07-26,2026-07-25,5412,5412,On-time,0,UPI
PAY-000577,KVH-LI-00139,C0082,2026-06-26,2026-07-22,5412,5412,Late,26,UPI
PAY-000578,KVH-LI-00139,C0082,2026-05-26,2026-05-23,5412,5412,On-time,0,UPI
PAY-000579,KVH-MO-00140,C0083,2025-10-20,2025-10-18,61550,61550,On-time,0,UPI
PAY-000580,KVH-MO-00141,C0084,2025-10-27,2025-10-24,27050,27050,On-time,0,UPI
PAY-000581,KVH-HE-00142,C0085,2026-07-14,2026-07-14,10925,10925,On-time,0,UPI
PAY-000582,KVH-HE-00142,C0085,2026-04-14,2026-04-13,10925,10925,On-time,0,Credit Card
PAY-000583,KVH-HE-00142,C0085,2026-01-14,2026-01-14,10925,10925,On-time,0,Credit Card
PAY-000584,KVH-LI-00143,C0086,2025-10-09,2025-10-05,58550,58550,On-time,0,NACH Auto-debit
PAY-000585,KVH-HE-00145,C0087,2025-10-21,2025-10-18,35200,35200,On-time,0,Credit Card
PAY-000586,KVH-HE-00146,C0088,2026-09-11,2026-09-11,1754,1754,On-time,0,UPI
PAY-000587,KVH-HE-00146,C0088,2026-08-11,2026-08-09,1754,1754,On-time,0,UPI
PAY-000588,KVH-HE-00146,C0088,2026-07-11,2026-08-02,1754,1754,Late,22,UPI
PAY-000589,KVH-HE-00146,C0088,2026-06-11,2026-06-09,1754,1754,On-time,0,Credit Card
PAY-000590,KVH-HE-00146,C0088,2026-05-11,2026-05-11,1754,1754,On-time,0,UPI
PAY-000591,KVH-HE-00146,C0088,2026-04-11,2026-04-08,1754,1754,On-time,0,Credit Card
PAY-000592,KVH-HE-00146,C0088,2026-03-11,2026-03-10,1754,1754,On-time,0,Credit Card
PAY-000593,KVH-HE-00146,C0088,2026-02-11,2026-02-08,1754,1754,On-time,0,Credit Card
PAY-000594,KVH-HE-00146,C0088,2026-01-11,2026-01-07,1754,1754,On-time,0,UPI
PAY-000595,KVH-HE-00146,C0088,2025-12-11,2025-12-08,1754,1754,On-time,0,UPI
PAY-000596,KVH-HE-00146,C0088,2025-11-11,2025-11-07,1754,1754,On-time,0,UPI
PAY-000597,KVH-HE-00146,C0088,2025-10-11,2025-10-08,1754,1754,On-time,0,Credit Card
PAY-000598,KVH-HE-00146,C0088,2025-09-11,2025-09-08,1754,1754,On-time,0,UPI
PAY-000599,KVH-HE-00146,C0088,2025-08-11,2025-08-07,1754,1754,On-time,0,NACH Auto-debit
PAY-000600,KVH-HE-00146,C0088,2025-07-11,2025-07-10,1754,1754,On-time,0,UPI
PAY-000601,KVH-HE-00146,C0088,2025-06-11,2025-06-11,1754,1754,On-time,0,UPI
PAY-000602,KVH-HE-00146,C0088,2025-05-11,2025-05-07,1754,1754,On-time,0,NACH Auto-debit
PAY-000603,KVH-MO-00147,C0088,2025-10-10,2025-10-10,17400,17400,On-time,0,Net Banking
PAY-000604,KVH-LI-00149,C0090,2026-09-13,2026-09-13,8079,8079,On-time,0,Net Banking
PAY-000605,KVH-LI-00149,C0090,2026-08-13,2026-08-09,8079,8079,On-time,0,Credit Card
PAY-000606,KVH-LI-00149,C0090,2026-07-13,2026-07-13,8079,8079,On-time,0,NACH Auto-debit
PAY-000607,KVH-LI-00149,C0090,2026-06-13,2026-06-09,8079,8079,On-time,0,Net Banking
PAY-000608,KVH-LI-00149,C0090,2026-05-13,2026-05-13,8079,8079,On-time,0,UPI
PAY-000609,KVH-LI-00149,C0090,2026-04-13,2026-04-09,8079,8079,On-time,0,UPI
PAY-000610,KVH-LI-00149,C0090,2026-03-13,2026-03-13,8079,8079,On-time,0,UPI
PAY-000611,KVH-LI-00149,C0090,2026-02-13,2026-02-11,8079,8079,On-time,0,UPI
PAY-000612,KVH-LI-00149,C0090,2026-01-13,2026-01-12,8079,8079,On-time,0,NACH Auto-debit
PAY-000613,KVH-LI-00149,C0090,2025-12-13,2025-12-09,8079,8079,On-time,0,UPI
PAY-000614,KVH-HE-00150,C0090,2026-09-18,2026-09-18,2904,2904,On-time,0,NACH Auto-debit
PAY-000615,KVH-HE-00150,C0090,2026-08-18,2026-09-18,2904,2904,Late,31,Cheque
PAY-000616,KVH-HE-00150,C0090,2026-07-18,2026-07-17,2904,2904,On-time,0,NACH Auto-debit
PAY-000617,KVH-HE-00150,C0090,2026-06-18,2026-06-14,2904,2904,On-time,0,UPI
PAY-000618,KVH-HE-00150,C0090,2026-05-18,2026-05-17,2904,2904,On-time,0,Net Banking
PAY-000619,KVH-HE-00150,C0090,2026-04-18,2026-04-14,2904,2904,On-time,0,UPI
PAY-000620,KVH-HE-00150,C0090,2026-03-18,2026-03-18,2904,2904,On-time,0,Net Banking
PAY-000621,KVH-HE-00150,C0090,2026-02-18,2026-02-15,2904,2904,On-time,0,UPI
PAY-000622,KVH-HE-00150,C0090,2026-01-18,2026-01-16,2904,2904,On-time,0,NACH Auto-debit
PAY-000623,KVH-LI-00151,C0091,2026-07-25,2026-07-22,7312,7312,On-time,0,Cheque
PAY-000624,KVH-LI-00151,C0091,2026-04-25,2026-04-24,7312,7312,On-time,0,NACH Auto-debit
PAY-000625,KVH-LI-00151,C0091,2026-01-25,2026-01-23,7312,7312,On-time,0,Net Banking
PAY-000626,KVH-LI-00151,C0091,2025-10-25,2025-10-25,7312,7312,On-time,0,UPI
PAY-000627,KVH-LI-00151,C0091,2025-07-25,2025-07-23,7312,7312,On-time,0,UPI
PAY-000628,KVH-MO-00152,C0091,2025-10-26,2025-10-24,12150,12150,On-time,0,NACH Auto-debit
PAY-000629,KVH-HE-00153,C0092,2026-09-26,2026-09-24,529,529,On-time,0,Credit Card
PAY-000630,KVH-HE-00153,C0092,2026-08-26,2026-08-25,529,529,On-time,0,NACH Auto-debit
PAY-000631,KVH-HE-00153,C0092,2026-07-26,2026-07-25,529,529,On-time,0,NACH Auto-debit
PAY-000632,KVH-HE-00153,C0092,2026-06-26,2026-06-23,529,529,On-time,0,UPI
PAY-000633,KVH-HE-00153,C0092,2026-05-26,2026-06-18,529,529,Late,23,UPI
PAY-000634,KVH-HE-00153,C0092,2026-04-26,,529,0,Missed,,UPI
PAY-000635,KVH-HE-00153,C0092,2026-03-26,2026-04-16,529,529,Late,21,Net Banking
PAY-000636,KVH-HE-00153,C0092,2026-02-26,2026-02-25,529,529,On-time,0,Net Banking
PAY-000637,KVH-HE-00153,C0092,2026-01-26,2026-01-23,529,529,On-time,0,UPI
PAY-000638,KVH-HE-00153,C0092,2025-12-26,2025-12-26,529,529,On-time,0,NACH Auto-debit
PAY-000639,KVH-HE-00153,C0092,2025-11-26,2025-11-26,529,529,On-time,0,Credit Card
PAY-000640,KVH-HE-00153,C0092,2025-10-26,2025-10-25,529,529,On-time,0,Cheque
PAY-000641,KVH-HE-00153,C0092,2025-09-26,,529,0,Missed,,Cheque
PAY-000642,KVH-HE-00153,C0092,2025-08-26,2025-08-22,529,529,On-time,0,NACH Auto-debit
PAY-000643,KVH-HE-00153,C0092,2025-07-26,2025-07-22,529,529,On-time,0,UPI
PAY-000644,KVH-HE-00153,C0092,2025-06-26,2025-06-24,529,529,On-time,0,NACH Auto-debit
PAY-000645,KVH-HE-00153,C0092,2025-05-26,2025-05-25,529,529,On-time,0,Credit Card
PAY-000646,KVH-LI-00154,C0093,2026-07-17,2026-07-15,23538,23538,On-time,0,NACH Auto-debit
PAY-000647,KVH-LI-00154,C0093,2026-04-17,2026-04-14,23538,23538,On-time,0,Credit Card
PAY-000648,KVH-LI-00154,C0093,2026-01-17,2026-01-15,23538,23538,On-time,0,NACH Auto-debit
PAY-000649,KVH-LI-00154,C0093,2025-10-17,2025-10-13,23538,23538,On-time,0,Credit Card
PAY-000650,KVH-LI-00154,C0093,2025-07-17,2025-07-14,23538,23538,On-time,0,Credit Card
PAY-000651,KVH-MO-00155,C0094,2025-10-17,2025-10-16,33000,33000,On-time,0,NACH Auto-debit
PAY-000652,KVH-HE-00156,C0094,2025-10-27,2025-10-24,72850,72850,On-time,0,UPI
PAY-000653,KVH-HE-00157,C0095,2026-09-28,,5725,0,Missed,,UPI
PAY-000654,KVH-HE-00157,C0095,2026-08-28,2026-08-24,5725,5725,On-time,0,NACH Auto-debit
PAY-000655,KVH-HE-00157,C0095,2026-07-28,2026-08-29,5725,5725,Late,32,NACH Auto-debit
PAY-000656,KVH-HE-00157,C0095,2026-06-28,,5725,0,Missed,,Credit Card
PAY-000657,KVH-HE-00157,C0095,2026-05-28,2026-05-24,5725,5725,On-time,0,Credit Card
PAY-000658,KVH-HE-00157,C0095,2026-04-28,2026-04-28,5725,5725,On-time,0,UPI
PAY-000659,KVH-HE-00157,C0095,2026-03-28,2026-03-24,5725,5725,On-time,0,UPI
PAY-000660,KVH-HE-00157,C0095,2026-02-28,2026-02-25,5725,5725,On-time,0,Credit Card
PAY-000661,KVH-HE-00157,C0095,2026-01-28,2026-01-26,5725,5725,On-time,0,NACH Auto-debit
PAY-000662,KVH-HO-00158,C0096,2026-09-24,2026-09-22,738,738,On-time,0,NACH Auto-debit
PAY-000663,KVH-HO-00158,C0096,2026-08-24,2026-08-22,738,738,On-time,0,Net Banking
PAY-000664,KVH-HO-00158,C0096,2026-07-24,2026-07-23,738,738,On-time,0,Net Banking
PAY-000665,KVH-HO-00158,C0096,2026-06-24,2026-06-21,738,738,On-time,0,NACH Auto-debit
PAY-000666,KVH-HO-00158,C0096,2026-05-24,2026-05-22,738,738,On-time,0,UPI
PAY-000667,KVH-HO-00158,C0096,2026-04-24,2026-04-22,738,738,On-time,0,NACH Auto-debit
PAY-000668,KVH-HO-00158,C0096,2026-03-24,2026-03-21,738,738,On-time,0,NACH Auto-debit
PAY-000669,KVH-HO-00158,C0096,2026-02-24,2026-03-07,738,738,Late,11,NACH Auto-debit
PAY-000670,KVH-HO-00158,C0096,2026-01-24,2026-01-24,738,738,On-time,0,Cheque
PAY-000671,KVH-HO-00158,C0096,2025-12-24,2025-12-21,738,738,On-time,0,UPI
PAY-000672,KVH-HO-00158,C0096,2025-11-24,2025-11-24,738,738,On-time,0,UPI
PAY-000673,KVH-HO-00158,C0096,2025-10-24,2025-10-24,738,738,On-time,0,UPI
PAY-000674,KVH-HO-00158,C0096,2025-09-24,2025-09-22,738,738,On-time,0,NACH Auto-debit
PAY-000675,KVH-HO-00158,C0096,2025-08-24,2025-08-21,738,738,On-time,0,NACH Auto-debit
PAY-000676,KVH-HO-00158,C0096,2025-07-24,2025-07-21,738,738,On-time,0,UPI
PAY-000677,KVH-HE-00159,C0096,2025-10-28,2025-10-25,14150,14150,On-time,0,NACH Auto-debit
PAY-000678,KVH-HE-00160,C0097,2026-09-22,2026-09-21,3379,3379,On-time,0,Cheque
PAY-000679,KVH-HE-00160,C0097,2026-08-22,2026-08-21,3379,3379,On-time,0,Net Banking
PAY-000680,KVH-HE-00160,C0097,2026-07-22,2026-07-18,3379,3379,On-time,0,UPI
PAY-000681,KVH-HE-00160,C0097,2026-06-22,2026-06-22,3379,3379,On-time,0,NACH Auto-debit
PAY-000682,KVH-HE-00160,C0097,2026-05-22,2026-05-18,3379,3379,On-time,0,UPI
PAY-000683,KVH-HE-00160,C0097,2026-04-22,2026-04-18,3379,3379,On-time,0,UPI
PAY-000684,KVH-HE-00160,C0097,2026-03-22,2026-03-22,3379,3379,On-time,0,NACH Auto-debit
PAY-000685,KVH-HE-00160,C0097,2026-02-22,2026-02-21,3379,3379,On-time,0,UPI
PAY-000686,KVH-HE-00160,C0097,2026-01-22,2026-01-19,3379,3379,On-time,0,Credit Card
PAY-000687,KVH-HE-00160,C0097,2025-12-22,2025-12-20,3379,3379,On-time,0,NACH Auto-debit
PAY-000688,KVH-HE-00160,C0097,2025-11-22,2025-11-22,3379,3379,On-time,0,Cheque
PAY-000689,KVH-HE-00160,C0097,2025-10-22,2025-10-22,3379,3379,On-time,0,Credit Card
PAY-000690,KVH-HE-00160,C0097,2025-09-22,2025-09-22,3379,3379,On-time,0,Net Banking
PAY-000691,KVH-HE-00160,C0097,2025-08-22,2025-08-18,3379,3379,On-time,0,NACH Auto-debit
PAY-000692,KVH-HE-00160,C0097,2025-07-22,2025-07-22,3379,3379,On-time,0,UPI
PAY-000693,KVH-HE-00160,C0097,2025-06-22,2025-06-22,3379,3379,On-time,0,Net Banking
PAY-000694,KVH-HE-00160,C0097,2025-05-22,2025-05-19,3379,3379,On-time,0,UPI
PAY-000695,KVH-MO-00162,C0099,2025-10-12,2025-10-10,31850,31850,On-time,0,UPI
PAY-000696,KVH-MO-00163,C0100,2026-10-04,2026-10-02,11600,11600,On-time,0,Cheque
PAY-000697,KVH-MO-00163,C0100,2025-10-04,2025-10-23,11600,11600,Late,19,NACH Auto-debit
PAY-000698,KVH-LI-00165,C0100,2025-10-12,2025-10-09,18050,18050,On-time,0,NACH Auto-debit
PAY-000699,KVH-MO-00166,C0101,2025-10-27,2025-10-26,26500,26500,On-time,0,Cheque
PAY-000700,KVH-MO-00167,C0102,2025-10-25,2025-10-25,23700,23700,On-time,0,UPI
PAY-000701,KVH-HE-00168,C0102,2026-09-15,2026-09-14,3358,3358,On-time,0,NACH Auto-debit
PAY-000702,KVH-HE-00168,C0102,2026-08-15,2026-08-11,3358,3358,On-time,0,Net Banking
PAY-000703,KVH-HE-00168,C0102,2026-07-15,2026-07-14,3358,3358,On-time,0,Credit Card
PAY-000704,KVH-HE-00168,C0102,2026-06-15,2026-06-12,3358,3358,On-time,0,UPI
PAY-000705,KVH-HE-00168,C0102,2026-05-15,2026-06-20,3358,3358,Late,36,NACH Auto-debit
PAY-000706,KVH-HE-00168,C0102,2026-04-15,2026-04-15,3358,3358,On-time,0,Credit Card
PAY-000707,KVH-HE-00168,C0102,2026-03-15,2026-03-11,3358,3358,On-time,0,UPI
PAY-000708,KVH-HE-00168,C0102,2026-02-15,2026-02-15,3358,3358,On-time,0,NACH Auto-debit
PAY-000709,KVH-HE-00168,C0102,2026-01-15,2026-01-14,3358,3358,On-time,0,NACH Auto-debit
PAY-000710,KVH-HE-00168,C0102,2025-12-15,2025-12-15,3358,3358,On-time,0,UPI
PAY-000711,KVH-HE-00168,C0102,2025-11-15,2025-11-14,3358,3358,On-time,0,NACH Auto-debit
PAY-000712,KVH-HE-00168,C0102,2025-10-15,2025-10-12,3358,3358,On-time,0,Net Banking
PAY-000713,KVH-MO-00169,C0103,2025-10-05,2025-10-05,14750,14750,On-time,0,NACH Auto-debit
PAY-000714,KVH-LI-00170,C0103,2025-10-26,2025-10-26,66450,66450,On-time,0,NACH Auto-debit
PAY-000715,KVH-HO-00171,C0104,2025-10-25,2025-10-21,14800,14800,On-time,0,UPI
PAY-000716,KVH-MO-00172,C0104,2025-10-14,2025-10-11,45100,45100,On-time,0,Credit Card
PAY-000717,KVH-LI-00173,C0104,2026-09-22,2026-09-18,5017,5017,On-time,0,Credit Card
PAY-000718,KVH-LI-00173,C0104,2026-08-22,2026-08-21,5017,5017,On-time,0,UPI
PAY-000719,KVH-LI-00173,C0104,2026-07-22,2026-07-21,5017,5017,On-time,0,NACH Auto-debit
PAY-000720,KVH-LI-00173,C0104,2026-06-22,2026-06-19,5017,5017,On-time,0,Net Banking
PAY-000721,KVH-LI-00173,C0104,2026-05-22,2026-05-18,5017,5017,On-time,0,Credit Card
PAY-000722,KVH-LI-00173,C0104,2026-04-22,2026-04-22,5017,5017,On-time,0,Net Banking
PAY-000723,KVH-LI-00173,C0104,2026-03-22,2026-03-22,5017,5017,On-time,0,NACH Auto-debit
PAY-000724,KVH-LI-00173,C0104,2026-02-22,2026-02-21,5017,5017,On-time,0,Net Banking
PAY-000725,KVH-LI-00173,C0104,2026-01-22,2026-01-21,5017,5017,On-time,0,UPI
PAY-000726,KVH-LI-00173,C0104,2025-12-22,2025-12-18,5017,5017,On-time,0,Net Banking
PAY-000727,KVH-LI-00173,C0104,2025-11-22,2025-11-20,5017,5017,On-time,0,Credit Card
PAY-000728,KVH-LI-00173,C0104,2025-10-22,2025-10-22,5017,5017,On-time,0,UPI
PAY-000729,KVH-LI-00173,C0104,2025-09-22,2025-09-21,5017,5017,On-time,0,UPI
PAY-000730,KVH-HO-00174,C0105,2025-10-21,2025-10-17,6450,6450,On-time,0,NACH Auto-debit
PAY-000731,KVH-HE-00175,C0105,2026-09-14,,1488,0,Missed,,Net Banking
PAY-000732,KVH-HE-00175,C0105,2026-08-14,2026-08-29,1488,1488,Late,15,NACH Auto-debit
PAY-000733,KVH-HE-00175,C0105,2026-07-14,2026-08-20,1488,1488,Late,37,NACH Auto-debit
PAY-000734,KVH-HE-00175,C0105,2026-06-14,2026-07-12,1488,1488,Late,28,Credit Card
PAY-000735,KVH-HE-00175,C0105,2026-05-14,2026-05-10,1488,1488,On-time,0,NACH Auto-debit
PAY-000736,KVH-HE-00175,C0105,2026-04-14,2026-05-15,1488,1488,Late,31,Credit Card
PAY-000737,KVH-HE-00175,C0105,2026-03-14,2026-03-14,1488,1488,On-time,0,NACH Auto-debit
PAY-000738,KVH-HE-00175,C0105,2026-02-14,2026-02-14,1488,1488,On-time,0,Credit Card
PAY-000739,KVH-HE-00175,C0105,2026-01-14,2026-01-12,1488,1488,On-time,0,Cheque
PAY-000740,KVH-HE-00175,C0105,2025-12-14,2026-01-21,1488,1488,Late,38,UPI
PAY-000741,KVH-HE-00175,C0105,2025-11-14,2025-11-12,1488,1488,On-time,0,NACH Auto-debit
PAY-000742,KVH-HE-00175,C0105,2025-10-14,2025-10-13,1488,1488,On-time,0,NACH Auto-debit
PAY-000743,KVH-HE-00175,C0105,2025-09-14,2025-10-17,1488,1488,Late,33,NACH Auto-debit
PAY-000744,KVH-HE-00175,C0105,2025-08-14,,1488,0,Missed,,Net Banking
PAY-000745,KVH-HE-00175,C0105,2025-07-14,2025-07-12,1488,1488,On-time,0,Net Banking
PAY-000746,KVH-HE-00175,C0105,2025-06-14,2025-06-11,1488,1488,On-time,0,NACH Auto-debit
PAY-000747,KVH-HE-00175,C0105,2025-05-14,2025-06-05,1488,1488,Late,22,Net Banking
PAY-000748,KVH-LI-00177,C0106,2026-07-21,2026-07-20,10925,10925,On-time,0,Credit Card
PAY-000749,KVH-LI-00177,C0106,2026-04-21,2026-04-17,10925,10925,On-time,0,Net Banking
PAY-000750,KVH-MO-00178,C0107,2025-10-14,2025-10-14,24700,24700,On-time,0,NACH Auto-debit
PAY-000751,KVH-MO-00179,C0108,2025-10-20,2025-10-19,26450,26450,On-time,0,Credit Card
PAY-000752,KVH-MO-00180,C0109,2025-10-14,2025-10-13,14150,14150,On-time,0,Credit Card
PAY-000753,KVH-HE-00181,C0110,2026-07-20,2026-07-17,27538,27538,On-time,0,Net Banking
PAY-000754,KVH-HE-00182,C0111,2025-10-06,2025-10-04,43500,43500,On-time,0,NACH Auto-debit
PAY-000755,KVH-HO-00183,C0111,2025-10-21,2025-10-18,13350,13350,On-time,0,UPI
PAY-000756,KVH-MO-00184,C0111,2026-10-01,2026-09-30,26700,26700,On-time,0,NACH Auto-debit
PAY-000757,KVH-MO-00184,C0111,2025-10-01,2025-11-08,26700,26700,Late,38,Cheque
PAY-000758,KVH-HE-00185,C0112,2026-09-05,2026-09-04,2158,2158,On-time,0,NACH Auto-debit
PAY-000759,KVH-HE-00185,C0112,2026-08-05,2026-08-02,2158,2158,On-time,0,Net Banking
PAY-000760,KVH-HE-00185,C0112,2026-07-05,2026-07-01,2158,2158,On-time,0,UPI
PAY-000761,KVH-HE-00185,C0112,2026-06-05,2026-06-03,2158,2158,On-time,0,Credit Card
PAY-000762,KVH-HE-00185,C0112,2026-05-05,2026-05-01,2158,2158,On-time,0,NACH Auto-debit
PAY-000763,KVH-HE-00185,C0112,2026-04-05,2026-04-01,2158,2158,On-time,0,Credit Card
PAY-000764,KVH-HE-00185,C0112,2026-03-05,2026-03-03,2158,2158,On-time,0,UPI
PAY-000765,KVH-HE-00185,C0112,2026-02-05,2026-02-04,2158,2158,On-time,0,Credit Card
PAY-000766,KVH-HE-00185,C0112,2026-01-05,2026-01-03,2158,2158,On-time,0,UPI
PAY-000767,KVH-HE-00185,C0112,2025-12-05,2025-12-01,2158,2158,On-time,0,Credit Card
PAY-000768,KVH-HE-00185,C0112,2025-11-05,2025-11-02,2158,2158,On-time,0,NACH Auto-debit
PAY-000769,KVH-HE-00185,C0112,2025-10-05,2025-10-04,2158,2158,On-time,0,Cheque
PAY-000770,KVH-HE-00185,C0112,2025-09-05,2025-09-02,2158,2158,On-time,0,UPI
PAY-000771,KVH-HE-00185,C0112,2025-08-05,2025-08-03,2158,2158,On-time,0,UPI
PAY-000772,KVH-HE-00185,C0112,2025-07-05,2025-07-04,2158,2158,On-time,0,UPI
PAY-000773,KVH-HE-00185,C0112,2025-06-05,2025-06-02,2158,2158,On-time,0,UPI
PAY-000774,KVH-HE-00185,C0112,2025-05-05,2025-05-02,2158,2158,On-time,0,Net Banking
PAY-000775,KVH-LI-00187,C0112,2026-10-04,2026-10-04,2229,2229,On-time,0,Credit Card
PAY-000776,KVH-LI-00187,C0112,2026-09-04,2026-09-02,2229,2229,On-time,0,NACH Auto-debit
PAY-000777,KVH-LI-00187,C0112,2026-08-04,2026-08-02,2229,2229,On-time,0,Credit Card
PAY-000778,KVH-LI-00187,C0112,2026-07-04,2026-06-30,2229,2229,On-time,0,Credit Card
PAY-000779,KVH-LI-00187,C0112,2026-06-04,2026-06-03,2229,2229,On-time,0,Net Banking
PAY-000780,KVH-LI-00187,C0112,2026-05-04,2026-04-30,2229,2229,On-time,0,Cheque
PAY-000781,KVH-LI-00187,C0112,2026-04-04,2026-04-02,2229,2229,On-time,0,UPI
PAY-000782,KVH-LI-00187,C0112,2026-03-04,2026-03-02,2229,2229,On-time,0,Credit Card
PAY-000783,KVH-LI-00187,C0112,2026-02-04,2026-02-02,2229,2229,On-time,0,NACH Auto-debit
PAY-000784,KVH-LI-00187,C0112,2026-01-04,2026-01-02,2229,2229,On-time,0,Net Banking
PAY-000785,KVH-LI-00187,C0112,2025-12-04,2025-12-01,2229,2229,On-time,0,UPI
PAY-000786,KVH-LI-00187,C0112,2025-11-04,2025-11-02,2229,2229,On-time,0,UPI
PAY-000787,KVH-LI-00187,C0112,2025-10-04,2025-10-02,2229,2229,On-time,0,NACH Auto-debit
PAY-000788,KVH-LI-00187,C0112,2025-09-04,2025-08-31,2229,2229,On-time,0,Credit Card
PAY-000789,KVH-LI-00187,C0112,2025-08-04,2025-07-31,2229,2229,On-time,0,NACH Auto-debit
PAY-000790,KVH-LI-00187,C0112,2025-07-04,2025-07-02,2229,2229,On-time,0,NACH Auto-debit
PAY-000791,KVH-LI-00187,C0112,2025-06-04,2025-06-04,2229,2229,On-time,0,Credit Card
PAY-000792,KVH-LI-00187,C0112,2025-05-04,2025-05-27,2229,2229,Late,23,NACH Auto-debit
PAY-000793,KVH-HE-00189,C0114,2026-09-08,2026-09-06,2642,2642,On-time,0,UPI
PAY-000794,KVH-HE-00189,C0114,2026-08-08,2026-08-07,2642,2642,On-time,0,Cheque
PAY-000795,KVH-HE-00189,C0114,2026-07-08,2026-07-08,2642,2642,On-time,0,NACH Auto-debit
PAY-000796,KVH-HE-00189,C0114,2026-06-08,2026-06-05,2642,2642,On-time,0,Net Banking
PAY-000797,KVH-HE-00189,C0114,2026-05-08,2026-05-06,2642,2642,On-time,0,Credit Card
PAY-000798,KVH-HE-00189,C0114,2026-04-08,2026-04-08,2642,2642,On-time,0,UPI
PAY-000799,KVH-HE-00189,C0114,2026-03-08,2026-03-07,2642,2642,On-time,0,NACH Auto-debit
PAY-000800,KVH-HE-00189,C0114,2026-02-08,2026-02-07,2642,2642,On-time,0,UPI
PAY-000801,KVH-HE-00189,C0114,2026-01-08,2026-01-04,2642,2642,On-time,0,UPI
PAY-000802,KVH-HE-00189,C0114,2025-12-08,2025-12-05,2642,2642,On-time,0,Credit Card
PAY-000803,KVH-HE-00189,C0114,2025-11-08,2025-11-08,2642,2642,On-time,0,Net Banking
PAY-000804,KVH-HE-00189,C0114,2025-10-08,2025-10-06,2642,2642,On-time,0,UPI
PAY-000805,KVH-HE-00189,C0114,2025-09-08,2025-09-07,2642,2642,On-time,0,Credit Card
PAY-000806,KVH-HE-00189,C0114,2025-08-08,2025-08-07,2642,2642,On-time,0,NACH Auto-debit
PAY-000807,KVH-HE-00189,C0114,2025-07-08,2025-07-06,2642,2642,On-time,0,NACH Auto-debit
PAY-000808,KVH-HE-00189,C0114,2025-06-08,2025-06-04,2642,2642,On-time,0,Net Banking
PAY-000809,KVH-HE-00189,C0114,2025-05-08,2025-05-04,2642,2642,On-time,0,UPI
PAY-000810,KVH-HO-00190,C0114,2026-09-06,2026-09-03,738,738,On-time,0,NACH Auto-debit
PAY-000811,KVH-HO-00190,C0114,2026-08-06,2026-08-04,738,738,On-time,0,NACH Auto-debit
PAY-000812,KVH-HO-00190,C0114,2026-07-06,2026-07-05,738,738,On-time,0,Credit Card
PAY-000813,KVH-HO-00190,C0114,2026-06-06,2026-06-27,738,738,Late,21,NACH Auto-debit
PAY-000814,KVH-HO-00190,C0114,2026-05-06,2026-05-05,738,738,On-time,0,UPI
PAY-000815,KVH-HO-00190,C0114,2026-04-06,2026-04-03,738,738,On-time,0,NACH Auto-debit
PAY-000816,KVH-HO-00190,C0114,2026-03-06,2026-03-02,738,738,On-time,0,NACH Auto-debit
PAY-000817,KVH-HO-00190,C0114,2026-02-06,2026-02-03,738,738,On-time,0,UPI
PAY-000818,KVH-HO-00190,C0114,2026-01-06,2026-01-03,738,738,On-time,0,Cheque
PAY-000819,KVH-HO-00190,C0114,2025-12-06,2025-12-03,738,738,On-time,0,UPI
PAY-000820,KVH-HO-00190,C0114,2025-11-06,2025-11-03,738,738,On-time,0,UPI
PAY-000821,KVH-HO-00190,C0114,2025-10-06,2025-10-05,738,738,On-time,0,NACH Auto-debit
PAY-000822,KVH-HO-00190,C0114,2025-09-06,2025-09-02,738,738,On-time,0,UPI
PAY-000823,KVH-HO-00190,C0114,2025-08-06,2025-08-03,738,738,On-time,0,UPI
PAY-000824,KVH-HO-00190,C0114,2025-07-06,2025-07-06,738,738,On-time,0,Net Banking
PAY-000825,KVH-HO-00190,C0114,2025-06-06,2025-06-02,738,738,On-time,0,NACH Auto-debit
PAY-000826,KVH-HO-00190,C0114,2025-05-06,2025-05-05,738,738,On-time,0,NACH Auto-debit
PAY-000827,KVH-HE-00191,C0115,2026-10-04,2026-10-04,3238,3238,On-time,0,UPI
PAY-000828,KVH-HE-00191,C0115,2026-07-04,2026-07-03,3238,3238,On-time,0,Net Banking
PAY-000829,KVH-HE-00191,C0115,2026-04-04,2026-04-02,3238,3238,On-time,0,UPI
PAY-000830,KVH-HE-00191,C0115,2026-01-04,2026-01-02,3238,3238,On-time,0,UPI
PAY-000831,KVH-HE-00191,C0115,2025-10-04,2025-10-01,3238,3238,On-time,0,Credit Card
PAY-000832,KVH-HE-00191,C0115,2025-07-04,2025-07-01,3238,3238,On-time,0,UPI
PAY-000833,KVH-HE-00192,C0116,2026-10-01,2026-09-27,65100,65100,On-time,0,UPI
PAY-000834,KVH-HE-00192,C0116,2025-10-01,2025-10-01,65100,65100,On-time,0,UPI
PAY-000835,KVH-LI-00193,C0117,2025-10-06,2025-10-03,46700,46700,On-time,0,NACH Auto-debit
PAY-000836,KVH-HE-00194,C0118,2026-09-16,2026-09-13,946,946,On-time,0,NACH Auto-debit
PAY-000837,KVH-HE-00194,C0118,2026-08-16,2026-08-14,946,946,On-time,0,UPI
PAY-000838,KVH-HE-00194,C0118,2026-07-16,2026-07-16,946,946,On-time,0,UPI
PAY-000839,KVH-HE-00194,C0118,2026-06-16,2026-07-24,946,946,Late,38,Credit Card
PAY-000840,KVH-HE-00194,C0118,2026-05-16,2026-06-02,946,946,Late,17,Credit Card
PAY-000841,KVH-HE-00194,C0118,2026-04-16,2026-04-14,946,946,On-time,0,UPI
PAY-000842,KVH-HE-00194,C0118,2026-03-16,2026-03-13,946,946,On-time,0,UPI
PAY-000843,KVH-HE-00194,C0118,2026-02-16,2026-02-13,946,946,On-time,0,UPI
PAY-000844,KVH-HE-00194,C0118,2026-01-16,2026-01-13,946,946,On-time,0,NACH Auto-debit
PAY-000845,KVH-HE-00194,C0118,2025-12-16,2025-12-15,946,946,On-time,0,NACH Auto-debit
PAY-000846,KVH-HE-00194,C0118,2025-11-16,2025-11-14,946,946,On-time,0,Net Banking
PAY-000847,KVH-HE-00194,C0118,2025-10-16,2025-10-15,946,946,On-time,0,Credit Card
PAY-000848,KVH-HE-00194,C0118,2025-09-16,2025-09-13,946,946,On-time,0,NACH Auto-debit
PAY-000849,KVH-HE-00194,C0118,2025-08-16,2025-08-14,946,946,On-time,0,UPI
PAY-000850,KVH-HE-00194,C0118,2025-07-16,2025-07-13,946,946,On-time,0,NACH Auto-debit
PAY-000851,KVH-HE-00194,C0118,2025-06-16,2025-06-15,946,946,On-time,0,UPI
PAY-000852,KVH-HE-00194,C0118,2025-05-16,2025-05-16,946,946,On-time,0,Cheque
PAY-000853,KVH-MO-00195,C0119,2025-10-05,2025-10-01,36400,36400,On-time,0,Credit Card
PAY-000854,KVH-HO-00196,C0120,2025-10-28,2025-10-28,15400,15400,On-time,0,Cheque
PAY-000855,KVH-MO-00197,C0120,2025-10-27,2025-10-27,27200,27200,On-time,0,NACH Auto-debit
PAY-000856,KVH-MO-00198,C0121,2025-10-22,2025-10-21,37500,37500,On-time,0,Credit Card
PAY-000857,KVH-MO-00199,C0122,2025-10-08,2025-10-07,62800,62800,On-time,0,Credit Card
PAY-000858,KVH-LI-00200,C0122,2026-10-03,2026-09-29,5471,5471,On-time,0,Net Banking
PAY-000859,KVH-LI-00200,C0122,2026-09-03,2026-09-03,5471,5471,On-time,0,Net Banking
PAY-000860,KVH-LI-00200,C0122,2026-08-03,2026-08-01,5471,5471,On-time,0,UPI
PAY-000861,KVH-LI-00200,C0122,2026-07-03,2026-07-03,5471,5471,On-time,0,Net Banking
PAY-000862,KVH-LI-00200,C0122,2026-06-03,2026-06-02,5471,5471,On-time,0,Credit Card
PAY-000863,KVH-LI-00200,C0122,2026-05-03,2026-05-02,5471,5471,On-time,0,Credit Card
PAY-000864,KVH-LI-00200,C0122,2026-04-03,2026-04-19,5471,5471,Late,16,UPI
PAY-000865,KVH-LI-00200,C0122,2026-03-03,2026-03-01,5471,5471,On-time,0,NACH Auto-debit
PAY-000866,KVH-LI-00200,C0122,2026-02-03,2026-02-02,5471,5471,On-time,0,UPI
PAY-000867,KVH-LI-00200,C0122,2026-01-03,2025-12-31,5471,5471,On-time,0,UPI
PAY-000868,KVH-LI-00200,C0122,2025-12-03,2025-11-30,5471,5471,On-time,0,Net Banking
PAY-000869,KVH-LI-00200,C0122,2025-11-03,2025-11-01,5471,5471,On-time,0,Credit Card
PAY-000870,KVH-LI-00200,C0122,2025-10-03,2025-10-01,5471,5471,On-time,0,Net Banking
PAY-000871,KVH-LI-00200,C0122,2025-09-03,2025-08-30,5471,5471,On-time,0,NACH Auto-debit
PAY-000872,KVH-LI-00200,C0122,2025-08-03,2025-08-01,5471,5471,On-time,0,UPI
PAY-000873,KVH-LI-00200,C0122,2025-07-03,2025-06-29,5471,5471,On-time,0,Credit Card
PAY-000874,KVH-LI-00200,C0122,2025-06-03,2025-05-31,5471,5471,On-time,0,UPI
PAY-000875,KVH-LI-00200,C0122,2025-05-03,2025-05-02,5471,5471,On-time,0,Net Banking
PAY-000876,KVH-HE-00201,C0123,2025-10-15,2025-10-13,75750,75750,On-time,0,UPI
PAY-000877,KVH-HE-00202,C0124,2025-10-08,2025-10-05,20850,20850,On-time,0,Credit Card
PAY-000878,KVH-LI-00203,C0124,2026-07-15,2026-07-12,14700,14700,On-time,0,NACH Auto-debit
PAY-000879,KVH-LI-00203,C0124,2026-04-15,2026-04-11,14700,14700,On-time,0,NACH Auto-debit
PAY-000880,KVH-LI-00203,C0124,2026-01-15,2026-01-12,14700,14700,On-time,0,Net Banking
PAY-000881,KVH-LI-00203,C0124,2025-10-15,2025-10-14,14700,14700,On-time,0,NACH Auto-debit
PAY-000882,KVH-LI-00203,C0124,2025-07-15,2025-07-11,14700,14700,On-time,0,Net Banking
PAY-000883,KVH-HO-00204,C0125,2026-07-21,2026-07-18,1750,1750,On-time,0,Credit Card
PAY-000884,KVH-HO-00204,C0125,2026-04-21,2026-04-17,1750,1750,On-time,0,UPI
PAY-000885,KVH-HO-00204,C0125,2026-01-21,2026-01-17,1750,1750,On-time,0,UPI
PAY-000886,KVH-HO-00204,C0125,2025-10-21,2025-10-17,1750,1750,On-time,0,Net Banking
PAY-000887,KVH-HO-00204,C0125,2025-07-21,2025-07-21,1750,1750,On-time,0,NACH Auto-debit
PAY-000888,KVH-HE-00205,C0125,2026-09-24,2026-09-20,2258,2258,On-time,0,Cheque
PAY-000889,KVH-HE-00205,C0125,2026-08-24,2026-08-20,2258,2258,On-time,0,Cheque
PAY-000890,KVH-HE-00205,C0125,2026-07-24,2026-07-24,2258,2258,On-time,0,NACH Auto-debit
PAY-000891,KVH-HE-00205,C0125,2026-06-24,2026-06-22,2258,2258,On-time,0,Net Banking
PAY-000892,KVH-HE-00205,C0125,2026-05-24,2026-05-22,2258,2258,On-time,0,NACH Auto-debit
PAY-000893,KVH-HE-00205,C0125,2026-04-24,2026-04-23,2258,2258,On-time,0,Net Banking
PAY-000894,KVH-HE-00205,C0125,2026-03-24,2026-03-20,2258,2258,On-time,0,NACH Auto-debit
PAY-000895,KVH-HE-00205,C0125,2026-02-24,2026-02-21,2258,2258,On-time,0,UPI
PAY-000896,KVH-HE-00205,C0125,2026-01-24,2026-01-22,2258,2258,On-time,0,NACH Auto-debit
PAY-000897,KVH-HE-00205,C0125,2025-12-24,2025-12-20,2258,2258,On-time,0,UPI
PAY-000898,KVH-HE-00205,C0125,2025-11-24,2025-11-23,2258,2258,On-time,0,Credit Card
PAY-000899,KVH-HE-00205,C0125,2025-10-24,2025-10-23,2258,2258,On-time,0,Cheque
PAY-000900,KVH-HE-00205,C0125,2025-09-24,2025-09-24,2258,2258,On-time,0,Net Banking
PAY-000901,KVH-HE-00205,C0125,2025-08-24,2025-08-21,2258,2258,On-time,0,NACH Auto-debit
PAY-000902,KVH-HE-00205,C0125,2025-07-24,2025-07-21,2258,2258,On-time,0,Net Banking
PAY-000903,KVH-HE-00205,C0125,2025-06-24,2025-06-22,2258,2258,On-time,0,Credit Card
PAY-000904,KVH-HE-00205,C0125,2025-05-24,2025-05-23,2258,2258,On-time,0,Net Banking
PAY-000905,KVH-LI-00206,C0126,2026-09-11,2026-09-09,5333,5333,On-time,0,Net Banking
PAY-000906,KVH-LI-00206,C0126,2026-08-11,2026-08-11,5333,5333,On-time,0,Credit Card
PAY-000907,KVH-LI-00206,C0126,2026-07-11,2026-07-09,5333,5333,On-time,0,NACH Auto-debit
PAY-000908,KVH-LI-00206,C0126,2026-06-11,2026-06-07,5333,5333,On-time,0,Net Banking
PAY-000909,KVH-LI-00206,C0126,2026-05-11,2026-05-09,5333,5333,On-time,0,Credit Card
PAY-000910,KVH-LI-00206,C0126,2026-04-11,2026-04-07,5333,5333,On-time,0,Cheque
PAY-000911,KVH-LI-00206,C0126,2026-03-11,2026-03-08,5333,5333,On-time,0,NACH Auto-debit
PAY-000912,KVH-LI-00206,C0126,2026-02-11,2026-02-09,5333,5333,On-time,0,Credit Card
PAY-000913,KVH-LI-00206,C0126,2026-01-11,2026-01-09,5333,5333,On-time,0,Cheque
PAY-000914,KVH-LI-00206,C0126,2025-12-11,2025-12-07,5333,5333,On-time,0,UPI
PAY-000915,KVH-LI-00206,C0126,2025-11-11,2025-11-09,5333,5333,On-time,0,Net Banking
PAY-000916,KVH-LI-00206,C0126,2025-10-11,2025-10-11,5333,5333,On-time,0,Net Banking
PAY-000917,KVH-LI-00206,C0126,2025-09-11,2025-09-09,5333,5333,On-time,0,Cheque
PAY-000918,KVH-LI-00206,C0126,2025-08-11,2025-08-10,5333,5333,On-time,0,Net Banking
PAY-000919,KVH-LI-00206,C0126,2025-07-11,2025-07-10,5333,5333,On-time,0,NACH Auto-debit
PAY-000920,KVH-LI-00206,C0126,2025-06-11,2025-06-09,5333,5333,On-time,0,Net Banking
PAY-000921,KVH-LI-00206,C0126,2025-05-11,2025-05-10,5333,5333,On-time,0,Credit Card
PAY-000922,KVH-MO-00207,C0126,2025-10-08,2025-10-07,12000,12000,On-time,0,NACH Auto-debit
PAY-000923,KVH-HE-00208,C0127,2026-09-10,2026-09-07,2550,2550,On-time,0,NACH Auto-debit
PAY-000924,KVH-HE-00208,C0127,2026-08-10,2026-08-06,2550,2550,On-time,0,UPI
PAY-000925,KVH-HE-00208,C0127,2026-07-10,2026-07-10,2550,2550,On-time,0,Net Banking
PAY-000926,KVH-HE-00208,C0127,2026-06-10,2026-06-09,2550,2550,On-time,0,UPI
PAY-000927,KVH-HE-00208,C0127,2026-05-10,2026-05-10,2550,2550,On-time,0,UPI
PAY-000928,KVH-HE-00208,C0127,2026-04-10,2026-04-09,2550,2550,On-time,0,UPI
PAY-000929,KVH-HE-00208,C0127,2026-03-10,2026-03-09,2550,2550,On-time,0,UPI
PAY-000930,KVH-HE-00208,C0127,2026-02-10,2026-02-08,2550,2550,On-time,0,UPI
PAY-000931,KVH-HE-00208,C0127,2026-01-10,2026-01-09,2550,2550,On-time,0,NACH Auto-debit
PAY-000932,KVH-HE-00208,C0127,2025-12-10,2025-12-06,2550,2550,On-time,0,NACH Auto-debit
PAY-000933,KVH-HE-00208,C0127,2025-11-10,2025-11-08,2550,2550,On-time,0,Net Banking
PAY-000934,KVH-HE-00208,C0127,2025-10-10,2025-10-10,2550,2550,On-time,0,Cheque
PAY-000935,KVH-HE-00208,C0127,2025-09-10,2025-09-06,2550,2550,On-time,0,NACH Auto-debit
PAY-000936,KVH-HE-00208,C0127,2025-08-10,2025-08-10,2550,2550,On-time,0,Credit Card
PAY-000937,KVH-HE-00208,C0127,2025-07-10,2025-07-06,2550,2550,On-time,0,UPI
PAY-000938,KVH-HE-00208,C0127,2025-06-10,2025-06-07,2550,2550,On-time,0,UPI
PAY-000939,KVH-HE-00208,C0127,2025-05-10,2025-05-10,2550,2550,On-time,0,NACH Auto-debit
PAY-000940,KVH-LI-00209,C0127,2026-07-14,2026-07-11,16338,16338,On-time,0,NACH Auto-debit
PAY-000941,KVH-LI-00210,C0128,2025-10-21,2025-10-17,17050,17050,On-time,0,Credit Card
PAY-000942,KVH-HE-00211,C0129,2026-09-11,2026-09-10,2154,2154,On-time,0,UPI
PAY-000943,KVH-HE-00211,C0129,2026-08-11,2026-08-10,2154,2154,On-time,0,Credit Card
PAY-000944,KVH-HE-00211,C0129,2026-07-11,2026-07-11,2154,2154,On-time,0,NACH Auto-debit
PAY-000945,KVH-HE-00211,C0129,2026-06-11,2026-06-09,2154,2154,On-time,0,Credit Card
PAY-000946,KVH-HE-00211,C0129,2026-05-11,2026-05-11,2154,2154,On-time,0,Net Banking
PAY-000947,KVH-HE-00211,C0129,2026-04-11,2026-04-11,2154,2154,On-time,0,NACH Auto-debit
PAY-000948,KVH-HE-00211,C0129,2026-03-11,2026-03-08,2154,2154,On-time,0,UPI
PAY-000949,KVH-HE-00211,C0129,2026-02-11,2026-02-08,2154,2154,On-time,0,UPI
PAY-000950,KVH-HE-00211,C0129,2026-01-11,2026-01-09,2154,2154,On-time,0,Credit Card
PAY-000951,KVH-HE-00211,C0129,2025-12-11,2025-12-09,2154,2154,On-time,0,UPI
PAY-000952,KVH-HE-00211,C0129,2025-11-11,2025-11-11,2154,2154,On-time,0,Credit Card
PAY-000953,KVH-HE-00211,C0129,2025-10-11,2025-10-11,2154,2154,On-time,0,Credit Card
PAY-000954,KVH-HE-00211,C0129,2025-09-11,2025-09-09,2154,2154,On-time,0,Cheque
PAY-000955,KVH-HE-00211,C0129,2025-08-11,2025-08-11,2154,2154,On-time,0,UPI
PAY-000956,KVH-HE-00211,C0129,2025-07-11,2025-07-10,2154,2154,On-time,0,Credit Card
PAY-000957,KVH-HE-00211,C0129,2025-06-11,2025-06-10,2154,2154,On-time,0,UPI
PAY-000958,KVH-HE-00211,C0129,2025-05-11,2025-05-10,2154,2154,On-time,0,Credit Card
PAY-000959,KVH-LI-00212,C0130,2025-10-20,2025-10-17,41950,41950,On-time,0,Net Banking
PAY-000960,KVH-HO-00213,C0131,2025-10-15,2025-10-11,4200,4200,On-time,0,UPI
PAY-000961,KVH-MO-00214,C0131,2025-10-09,2025-10-09,6500,6500,On-time,0,Credit Card
PAY-000962,KVH-HE-00215,C0131,2025-10-18,2025-10-17,14600,14600,On-time,0,UPI
PAY-000963,KVH-LI-00216,C0132,2026-09-23,2026-09-21,1225,1225,On-time,0,UPI
PAY-000964,KVH-LI-00216,C0132,2026-08-23,2026-08-23,1225,1225,On-time,0,Credit Card
PAY-000965,KVH-LI-00216,C0132,2026-07-23,2026-07-22,1225,1225,On-time,0,UPI
PAY-000966,KVH-LI-00216,C0132,2026-06-23,2026-06-23,1225,1225,On-time,0,UPI
PAY-000967,KVH-LI-00216,C0132,2026-05-23,2026-06-26,1225,1225,Late,34,Net Banking
PAY-000968,KVH-LI-00216,C0132,2026-04-23,2026-04-19,1225,1225,On-time,0,UPI
PAY-000969,KVH-LI-00216,C0132,2026-03-23,2026-03-23,1225,1225,On-time,0,UPI
PAY-000970,KVH-LI-00216,C0132,2026-02-23,2026-02-20,1225,1225,On-time,0,Net Banking
PAY-000971,KVH-LI-00216,C0132,2026-01-23,2026-01-19,1225,1225,On-time,0,Net Banking
PAY-000972,KVH-LI-00216,C0132,2025-12-23,2025-12-23,1225,1225,On-time,0,Credit Card
PAY-000973,KVH-LI-00216,C0132,2025-11-23,2025-11-22,1225,1225,On-time,0,Credit Card
PAY-000974,KVH-LI-00216,C0132,2025-10-23,2025-10-20,1225,1225,On-time,0,NACH Auto-debit
PAY-000975,KVH-LI-00216,C0132,2025-09-23,2025-09-20,1225,1225,On-time,0,Credit Card
PAY-000976,KVH-LI-00216,C0132,2025-08-23,2025-08-21,1225,1225,On-time,0,NACH Auto-debit
PAY-000977,KVH-LI-00216,C0132,2025-07-23,2025-07-19,1225,1225,On-time,0,NACH Auto-debit
PAY-000978,KVH-LI-00216,C0132,2025-06-23,2025-06-23,1225,1225,On-time,0,UPI
PAY-000979,KVH-LI-00216,C0132,2025-05-23,2025-05-22,1225,1225,On-time,0,NACH Auto-debit
PAY-000980,KVH-MO-00218,C0133,2026-10-03,2026-09-29,22200,22200,On-time,0,UPI
PAY-000981,KVH-MO-00218,C0133,2025-10-03,2025-10-01,22200,22200,On-time,0,Credit Card
PAY-000982,KVH-MO-00220,C0134,2026-10-02,2026-10-02,18000,18000,On-time,0,NACH Auto-debit
PAY-000983,KVH-LI-00221,C0134,2025-10-11,2025-10-11,52550,52550,On-time,0,UPI
PAY-000984,KVH-HO-00222,C0135,2026-07-14,2026-07-14,900,900,On-time,0,UPI
PAY-000985,KVH-HE-00223,C0136,2026-10-04,2026-10-03,1729,1729,On-time,0,Credit Card
PAY-000986,KVH-HE-00223,C0136,2026-09-04,2026-09-14,1729,1729,Late,10,UPI
PAY-000987,KVH-HE-00223,C0136,2026-08-04,2026-08-10,1729,1729,Late,6,NACH Auto-debit
PAY-000988,KVH-HE-00223,C0136,2026-07-04,2026-07-02,1729,1729,On-time,0,UPI
PAY-000989,KVH-HE-00223,C0136,2026-06-04,2026-05-31,1729,1729,On-time,0,UPI
PAY-000990,KVH-HE-00223,C0136,2026-05-04,2026-06-05,1729,1729,Late,32,UPI
PAY-000991,KVH-HE-00223,C0136,2026-04-04,2026-04-22,1729,1729,Late,18,UPI
PAY-000992,KVH-HE-00223,C0136,2026-03-04,2026-02-28,1729,1729,On-time,0,Credit Card
PAY-000993,KVH-HE-00223,C0136,2026-02-04,2026-02-03,1729,1729,On-time,0,UPI
PAY-000994,KVH-HE-00223,C0136,2026-01-04,2026-01-01,1729,1729,On-time,0,UPI
PAY-000995,KVH-HE-00223,C0136,2025-12-04,2025-12-04,1729,1729,On-time,0,Credit Card
PAY-000996,KVH-HE-00223,C0136,2025-11-04,2025-11-03,1729,1729,On-time,0,Credit Card
PAY-000997,KVH-HE-00223,C0136,2025-10-04,2025-10-20,1729,1729,Late,16,UPI
PAY-000998,KVH-HE-00223,C0136,2025-09-04,2025-08-31,1729,1729,On-time,0,Credit Card
PAY-000999,KVH-HE-00223,C0136,2025-08-04,2025-07-31,1729,1729,On-time,0,Credit Card
PAY-001000,KVH-HE-00223,C0136,2025-07-04,2025-07-02,1729,1729,On-time,0,UPI
PAY-001001,KVH-HE-00223,C0136,2025-06-04,2025-05-31,1729,1729,On-time,0,NACH Auto-debit
PAY-001002,KVH-HE-00223,C0136,2025-05-04,2025-05-04,1729,1729,On-time,0,Net Banking
PAY-001003,KVH-MO-00224,C0137,2025-10-26,2025-10-22,10950,10950,On-time,0,NACH Auto-debit
PAY-001004,KVH-HE-00225,C0137,2025-10-06,2025-10-05,16550,16550,On-time,0,NACH Auto-debit
PAY-001005,KVH-HO-00226,C0138,2025-10-13,2025-10-13,5700,5700,On-time,0,UPI
PAY-001006,KVH-MO-00227,C0138,2025-10-10,2025-11-11,13550,13550,Late,32,NACH Auto-debit
PAY-001007,KVH-MO-00228,C0139,2026-10-02,2026-09-29,11900,11900,On-time,0,UPI
PAY-001008,KVH-MO-00228,C0139,2025-10-02,2025-10-01,11900,11900,On-time,0,UPI
PAY-001009,KVH-HE-00229,C0139,2025-10-12,2025-10-09,37000,37000,On-time,0,NACH Auto-debit
PAY-001010,KVH-LI-00230,C0139,2025-10-07,2025-10-03,43850,43850,On-time,0,UPI
PAY-001011,KVH-LI-00231,C0140,2025-10-22,2025-10-18,43700,43700,On-time,0,Credit Card
PAY-001012,KVH-HE-00233,C0141,2025-10-09,,26850,0,Missed,,UPI
PAY-001013,KVH-MO-00234,C0142,2025-10-09,2025-10-07,22000,22000,On-time,0,UPI
PAY-001014,KVH-HE-00235,C0142,2026-07-22,2026-07-22,6475,6475,On-time,0,UPI
PAY-001015,KVH-HE-00235,C0142,2026-04-22,2026-04-21,6475,6475,On-time,0,UPI
PAY-001016,KVH-HE-00235,C0142,2026-01-22,2026-02-04,6475,6475,Late,13,UPI
PAY-001017,KVH-HE-00235,C0142,2025-10-22,2025-11-10,6475,6475,Late,19,NACH Auto-debit
PAY-001018,KVH-HE-00235,C0142,2025-07-22,2025-07-19,6475,6475,On-time,0,Net Banking
PAY-001019,KVH-HO-00236,C0142,2026-10-03,,1067,0,Missed,,Cheque
PAY-001020,KVH-HO-00236,C0142,2026-09-03,2026-08-30,1067,1067,On-time,0,UPI
PAY-001021,KVH-HO-00236,C0142,2026-08-03,2026-08-01,1067,1067,On-time,0,UPI
PAY-001022,KVH-HO-00236,C0142,2026-07-03,,1067,0,Missed,,NACH Auto-debit
PAY-001023,KVH-HO-00236,C0142,2026-06-03,2026-06-26,1067,1067,Late,23,Credit Card
PAY-001024,KVH-HO-00236,C0142,2026-05-03,2026-04-29,1067,1067,On-time,0,Credit Card
PAY-001025,KVH-HO-00236,C0142,2026-04-03,2026-04-02,1067,1067,On-time,0,Cheque
PAY-001026,KVH-HO-00236,C0142,2026-03-03,2026-03-01,1067,1067,On-time,0,Net Banking
PAY-001027,KVH-HO-00236,C0142,2026-02-03,2026-02-02,1067,1067,On-time,0,UPI
PAY-001028,KVH-HO-00236,C0142,2026-01-03,2026-01-01,1067,1067,On-time,0,UPI
PAY-001029,KVH-HO-00236,C0142,2025-12-03,2026-01-11,1067,1067,Late,39,NACH Auto-debit
PAY-001030,KVH-HO-00236,C0142,2025-11-03,2025-11-01,1067,1067,On-time,0,UPI
PAY-001031,KVH-HO-00236,C0142,2025-10-03,2025-11-09,1067,1067,Late,37,UPI
PAY-001032,KVH-HO-00236,C0142,2025-09-03,,1067,0,Missed,,Credit Card
PAY-001033,KVH-HO-00236,C0142,2025-08-03,2025-08-16,1067,1067,Late,13,UPI
PAY-001034,KVH-HO-00236,C0142,2025-07-03,2025-06-29,1067,1067,On-time,0,Net Banking
PAY-001035,KVH-HO-00236,C0142,2025-06-03,2025-06-26,1067,1067,Late,23,UPI
PAY-001036,KVH-HO-00236,C0142,2025-05-03,2025-05-01,1067,1067,On-time,0,Net Banking
PAY-001037,KVH-MO-00237,C0143,2025-10-10,2025-10-10,11450,11450,On-time,0,NACH Auto-debit
PAY-001038,KVH-MO-00238,C0144,2025-10-28,2025-10-25,12400,12400,On-time,0,NACH Auto-debit
PAY-001039,KVH-HE-00239,C0144,2025-10-27,2025-10-25,37350,37350,On-time,0,UPI
PAY-001040,KVH-HO-00240,C0144,2026-09-23,2026-09-21,150,150,On-time,0,NACH Auto-debit
PAY-001041,KVH-HO-00240,C0144,2026-08-23,2026-08-21,150,150,On-time,0,NACH Auto-debit
PAY-001042,KVH-HO-00240,C0144,2026-07-23,2026-07-23,150,150,On-time,0,UPI
PAY-001043,KVH-HO-00240,C0144,2026-06-23,2026-06-22,150,150,On-time,0,NACH Auto-debit
PAY-001044,KVH-HO-00240,C0144,2026-05-23,2026-05-23,150,150,On-time,0,NACH Auto-debit
PAY-001045,KVH-HO-00240,C0144,2026-04-23,2026-04-23,150,150,On-time,0,UPI
PAY-001046,KVH-HO-00240,C0144,2026-03-23,2026-03-19,150,150,On-time,0,UPI
PAY-001047,KVH-HO-00240,C0144,2026-02-23,2026-02-23,150,150,On-time,0,UPI
PAY-001048,KVH-HO-00240,C0144,2026-01-23,2026-01-21,150,150,On-time,0,UPI
PAY-001049,KVH-HO-00240,C0144,2025-12-23,2025-12-19,150,150,On-time,0,Net Banking
PAY-001050,KVH-HO-00240,C0144,2025-11-23,2025-11-20,150,150,On-time,0,UPI
PAY-001051,KVH-HO-00240,C0144,2025-10-23,2025-10-19,150,150,On-time,0,Net Banking
PAY-001052,KVH-HO-00240,C0144,2025-09-23,2025-09-23,150,150,On-time,0,NACH Auto-debit
PAY-001053,KVH-HO-00240,C0144,2025-08-23,2025-08-19,150,150,On-time,0,UPI
PAY-001054,KVH-HO-00240,C0144,2025-07-23,2025-07-19,150,150,On-time,0,Cheque
PAY-001055,KVH-HO-00240,C0144,2025-06-23,2025-06-23,150,150,On-time,0,UPI
PAY-001056,KVH-HO-00240,C0144,2025-05-23,2025-05-23,150,150,On-time,0,NACH Auto-debit
PAY-001057,KVH-HE-00241,C0145,2026-09-18,2026-09-17,692,692,On-time,0,NACH Auto-debit
PAY-001058,KVH-HE-00241,C0145,2026-08-18,2026-08-16,692,692,On-time,0,NACH Auto-debit
PAY-001059,KVH-HE-00241,C0145,2026-07-18,2026-07-16,692,692,On-time,0,UPI
PAY-001060,KVH-HE-00241,C0145,2026-06-18,2026-06-15,692,692,On-time,0,UPI
PAY-001061,KVH-HE-00241,C0145,2026-05-18,2026-05-15,692,692,On-time,0,UPI
PAY-001062,KVH-HE-00241,C0145,2026-04-18,2026-04-15,692,692,On-time,0,NACH Auto-debit
PAY-001063,KVH-HE-00241,C0145,2026-03-18,2026-03-15,692,692,On-time,0,Credit Card
PAY-001064,KVH-HE-00241,C0145,2026-02-18,2026-02-17,692,692,On-time,0,UPI
PAY-001065,KVH-HE-00241,C0145,2026-01-18,2026-01-15,692,692,On-time,0,Credit Card
PAY-001066,KVH-HE-00241,C0145,2025-12-18,2025-12-15,692,692,On-time,0,UPI
PAY-001067,KVH-HE-00241,C0145,2025-11-18,2025-11-18,692,692,On-time,0,NACH Auto-debit
PAY-001068,KVH-HE-00241,C0145,2025-10-18,2025-10-16,692,692,On-time,0,NACH Auto-debit
PAY-001069,KVH-HE-00241,C0145,2025-09-18,2025-09-17,692,692,On-time,0,UPI
PAY-001070,KVH-HE-00241,C0145,2025-08-18,2025-08-18,692,692,On-time,0,NACH Auto-debit
PAY-001071,KVH-HE-00241,C0145,2025-07-18,2025-07-14,692,692,On-time,0,Credit Card
PAY-001072,KVH-HE-00241,C0145,2025-06-18,2025-06-15,692,692,On-time,0,Credit Card
PAY-001073,KVH-HE-00241,C0145,2025-05-18,2025-05-16,692,692,On-time,0,Credit Card
PAY-001074,KVH-HE-00242,C0146,2025-10-13,2025-11-06,60450,60450,Late,24,UPI
PAY-001075,KVH-MO-00246,C0148,2026-10-04,2026-10-01,27200,27200,On-time,0,Credit Card
PAY-001076,KVH-MO-00246,C0148,2025-10-04,2025-09-30,27200,27200,On-time,0,UPI
PAY-001077,KVH-LI-00247,C0148,2025-10-17,2025-10-17,105600,105600,On-time,0,UPI
PAY-001078,KVH-HE-00249,C0149,2025-10-21,2025-11-12,30550,30550,Late,22,Net Banking
PAY-001079,KVH-MO-00250,C0150,2026-10-02,2026-09-29,21050,21050,On-time,0,NACH Auto-debit
PAY-001080,KVH-MO-00250,C0150,2025-10-02,2025-09-30,21050,21050,On-time,0,Credit Card
PAY-001081,KVH-LI-00251,C0150,2025-10-27,2025-10-26,19100,19100,On-time,0,UPI
PAY-001082,KVH-MO-00252,C0151,2026-10-02,2026-09-30,22250,22250,On-time,0,UPI
PAY-001083,KVH-MO-00252,C0151,2025-10-02,2025-10-01,22250,22250,On-time,0,UPI
PAY-001084,KVH-LI-00253,C0152,2026-09-28,2026-09-24,6212,6212,On-time,0,Credit Card
PAY-001085,KVH-LI-00253,C0152,2026-08-28,2026-09-11,6212,6212,Late,14,Net Banking
PAY-001086,KVH-LI-00253,C0152,2026-07-28,2026-07-25,6212,6212,On-time,0,UPI
PAY-001087,KVH-LI-00253,C0152,2026-06-28,2026-06-27,6212,6212,On-time,0,UPI
PAY-001088,KVH-LI-00253,C0152,2026-05-28,2026-06-22,6212,6212,Late,25,Net Banking
PAY-001089,KVH-LI-00253,C0152,2026-04-28,,6212,0,Missed,,NACH Auto-debit
PAY-001090,KVH-LI-00253,C0152,2026-03-28,2026-03-28,6212,6212,On-time,0,Credit Card
PAY-001091,KVH-LI-00253,C0152,2026-02-28,2026-03-29,6212,6212,Late,29,Credit Card
PAY-001092,KVH-LI-00253,C0152,2026-01-28,2026-01-24,6212,6212,On-time,0,UPI
PAY-001093,KVH-LI-00253,C0152,2025-12-28,2025-12-27,6212,6212,On-time,0,NACH Auto-debit
PAY-001094,KVH-HE-00254,C0152,2025-10-22,2025-10-19,25050,25050,On-time,0,UPI
PAY-001095,KVH-HE-00255,C0153,2026-09-10,2026-09-09,2992,2992,On-time,0,UPI
PAY-001096,KVH-HE-00255,C0153,2026-08-10,2026-08-10,2992,2992,On-time,0,Net Banking
PAY-001097,KVH-HE-00255,C0153,2026-07-10,2026-07-07,2992,2992,On-time,0,NACH Auto-debit
PAY-001098,KVH-HE-00255,C0153,2026-06-10,2026-06-06,2992,2992,On-time,0,UPI
PAY-001099,KVH-HE-00255,C0153,2026-05-10,2026-05-07,2992,2992,On-time,0,NACH Auto-debit
PAY-001100,KVH-HE-00255,C0153,2026-04-10,2026-04-09,2992,2992,On-time,0,Net Banking
PAY-001101,KVH-HE-00255,C0153,2026-03-10,2026-03-10,2992,2992,On-time,0,UPI
PAY-001102,KVH-HE-00255,C0153,2026-02-10,2026-03-13,2992,2992,Late,31,UPI
PAY-001103,KVH-HE-00255,C0153,2026-01-10,2026-01-08,2992,2992,On-time,0,UPI
PAY-001104,KVH-HE-00255,C0153,2025-12-10,2026-01-08,2992,2992,Late,29,Cheque
PAY-001105,KVH-HE-00255,C0153,2025-11-10,2025-11-08,2992,2992,On-time,0,NACH Auto-debit
PAY-001106,KVH-HE-00255,C0153,2025-10-10,2025-10-09,2992,2992,On-time,0,NACH Auto-debit
PAY-001107,KVH-HE-00255,C0153,2025-09-10,2025-09-06,2992,2992,On-time,0,UPI
PAY-001108,KVH-HE-00255,C0153,2025-08-10,2025-08-06,2992,2992,On-time,0,UPI
PAY-001109,KVH-HE-00255,C0153,2025-07-10,2025-07-07,2992,2992,On-time,0,UPI
PAY-001110,KVH-HE-00255,C0153,2025-06-10,2025-06-09,2992,2992,On-time,0,NACH Auto-debit
PAY-001111,KVH-HE-00255,C0153,2025-05-10,2025-05-06,2992,2992,On-time,0,UPI
PAY-001112,KVH-HO-00256,C0154,2026-09-18,2026-09-17,875,875,On-time,0,NACH Auto-debit
PAY-001113,KVH-HO-00256,C0154,2026-08-18,2026-09-11,875,875,Late,24,NACH Auto-debit
PAY-001114,KVH-HO-00256,C0154,2026-07-18,,875,0,Missed,,Net Banking
PAY-001115,KVH-HO-00256,C0154,2026-06-18,,875,0,Missed,,Net Banking
PAY-001116,KVH-HO-00256,C0154,2026-05-18,2026-05-16,875,875,On-time,0,UPI
PAY-001117,KVH-HO-00256,C0154,2026-04-18,2026-04-14,875,875,On-time,0,NACH Auto-debit
PAY-001118,KVH-HO-00256,C0154,2026-03-18,2026-03-15,875,875,On-time,0,UPI
PAY-001119,KVH-HO-00256,C0154,2026-02-18,,875,0,Missed,,Credit Card
PAY-001120,KVH-HO-00256,C0154,2026-01-18,2026-02-02,875,875,Late,15,NACH Auto-debit
PAY-001121,KVH-MO-00257,C0154,2025-10-28,2025-11-11,12150,12150,Late,14,Credit Card
PAY-001122,KVH-MO-00258,C0155,2025-10-10,2025-10-06,11950,11950,On-time,0,UPI
PAY-001123,KVH-HE-00260,C0157,2026-09-26,,3375,0,Missed,,Net Banking
PAY-001124,KVH-HE-00260,C0157,2026-08-26,2026-09-27,3375,3375,Late,32,NACH Auto-debit
PAY-001125,KVH-HE-00260,C0157,2026-07-26,2026-08-24,3375,3375,Late,29,UPI
PAY-001126,KVH-HE-00260,C0157,2026-06-26,2026-06-25,3375,3375,On-time,0,Net Banking
PAY-001127,KVH-HE-00260,C0157,2026-05-26,2026-06-05,3375,3375,Late,10,UPI
PAY-001128,KVH-HE-00260,C0157,2026-04-26,2026-04-23,3375,3375,On-time,0,UPI
PAY-001129,KVH-HE-00260,C0157,2026-03-26,2026-03-24,3375,3375,On-time,0,Credit Card
PAY-001130,KVH-HE-00260,C0157,2026-02-26,2026-02-25,3375,3375,On-time,0,NACH Auto-debit
PAY-001131,KVH-HE-00260,C0157,2026-01-26,2026-01-22,3375,3375,On-time,0,UPI
PAY-001132,KVH-HE-00260,C0157,2025-12-26,2026-01-24,3375,3375,Late,29,NACH Auto-debit
PAY-001133,KVH-HE-00260,C0157,2025-11-26,2025-11-24,3375,3375,On-time,0,NACH Auto-debit
PAY-001134,KVH-HE-00260,C0157,2025-10-26,2025-10-25,3375,3375,On-time,0,Cheque
PAY-001135,KVH-HE-00260,C0157,2025-09-26,2025-09-22,3375,3375,On-time,0,Net Banking
PAY-001136,KVH-HE-00260,C0157,2025-08-26,2025-08-22,3375,3375,On-time,0,UPI
PAY-001137,KVH-HE-00260,C0157,2025-07-26,2025-08-03,3375,3375,Late,8,Credit Card
PAY-001138,KVH-HE-00260,C0157,2025-06-26,2025-06-25,3375,3375,On-time,0,Credit Card
PAY-001139,KVH-HE-00260,C0157,2025-05-26,2025-05-24,3375,3375,On-time,0,NACH Auto-debit
PAY-001140,KVH-HE-00262,C0159,2026-09-19,2026-09-19,2842,2842,On-time,0,Credit Card
PAY-001141,KVH-HE-00262,C0159,2026-08-19,2026-09-27,2842,2842,Late,39,UPI
PAY-001142,KVH-HE-00262,C0159,2026-07-19,2026-08-20,2842,2842,Late,32,UPI
PAY-001143,KVH-HE-00262,C0159,2026-06-19,2026-06-17,2842,2842,On-time,0,Credit Card
PAY-001144,KVH-HE-00262,C0159,2026-05-19,2026-06-24,2842,2842,Late,36,NACH Auto-debit
PAY-001145,KVH-HE-00262,C0159,2026-04-19,2026-04-18,2842,2842,On-time,0,Credit Card
PAY-001146,KVH-HE-00262,C0159,2026-03-19,2026-03-30,2842,2842,Late,11,UPI
PAY-001147,KVH-HE-00262,C0159,2026-02-19,2026-03-25,2842,2842,Late,34,Cheque
PAY-001148,KVH-HE-00262,C0159,2026-01-19,2026-02-20,2842,2842,Late,32,NACH Auto-debit
PAY-001149,KVH-HE-00262,C0159,2025-12-19,2025-12-19,2842,2842,On-time,0,UPI
PAY-001150,KVH-HE-00262,C0159,2025-11-19,,2842,0,Missed,,UPI
PAY-001151,KVH-HE-00262,C0159,2025-10-19,2025-10-18,2842,2842,On-time,0,Credit Card
PAY-001152,KVH-HE-00262,C0159,2025-09-19,2025-09-18,2842,2842,On-time,0,UPI
PAY-001153,KVH-HE-00262,C0159,2025-08-19,2025-08-18,2842,2842,On-time,0,UPI
PAY-001154,KVH-HE-00262,C0159,2025-07-19,2025-07-29,2842,2842,Late,10,Credit Card
PAY-001155,KVH-HE-00262,C0159,2025-06-19,2025-06-16,2842,2842,On-time,0,Credit Card
PAY-001156,KVH-HE-00262,C0159,2025-05-19,2025-05-17,2842,2842,On-time,0,UPI
PAY-001157,KVH-MO-00263,C0159,2025-10-05,2025-11-12,18800,18800,Late,38,UPI
PAY-001158,KVH-HO-00264,C0159,2026-07-13,2026-07-09,2088,2088,On-time,0,Credit Card
PAY-001159,KVH-HO-00264,C0159,2026-04-13,2026-04-12,2088,2088,On-time,0,UPI
PAY-001160,KVH-HO-00264,C0159,2026-01-13,2026-01-12,2088,2088,On-time,0,NACH Auto-debit
PAY-001161,KVH-HO-00264,C0159,2025-10-13,2025-10-12,2088,2088,On-time,0,Net Banking
PAY-001162,KVH-HO-00264,C0159,2025-07-13,2025-07-10,2088,2088,On-time,0,Credit Card
PAY-001163,KVH-HE-00265,C0160,2026-09-16,2026-09-25,975,975,Late,9,NACH Auto-debit
PAY-001164,KVH-HE-00265,C0160,2026-08-16,2026-08-14,975,975,On-time,0,UPI
PAY-001165,KVH-HE-00265,C0160,2026-07-16,2026-07-15,975,975,On-time,0,UPI
PAY-001166,KVH-MO-00268,C0161,2026-10-04,2026-10-03,20600,20600,On-time,0,NACH Auto-debit
PAY-001167,KVH-MO-00268,C0161,2025-10-04,2025-09-30,20600,20600,On-time,0,NACH Auto-debit
PAY-001168,KVH-HE-00269,C0162,2025-10-05,2025-10-03,34500,34500,On-time,0,NACH Auto-debit
PAY-001169,KVH-MO-00270,C0163,2025-10-28,2025-10-26,32000,32000,On-time,0,UPI
PAY-001170,KVH-LI-00271,C0164,2026-09-10,2026-09-07,2262,2262,On-time,0,Credit Card
PAY-001171,KVH-LI-00271,C0164,2026-08-10,2026-08-10,2262,2262,On-time,0,NACH Auto-debit
PAY-001172,KVH-LI-00271,C0164,2026-07-10,2026-07-09,2262,2262,On-time,0,Credit Card
PAY-001173,KVH-LI-00271,C0164,2026-06-10,2026-06-07,2262,2262,On-time,0,NACH Auto-debit
PAY-001174,KVH-LI-00271,C0164,2026-05-10,2026-05-06,2262,2262,On-time,0,NACH Auto-debit
PAY-001175,KVH-LI-00271,C0164,2026-04-10,2026-04-10,2262,2262,On-time,0,Credit Card
PAY-001176,KVH-LI-00271,C0164,2026-03-10,2026-04-01,2262,2262,Late,22,UPI
PAY-001177,KVH-LI-00271,C0164,2026-02-10,2026-02-10,2262,2262,On-time,0,NACH Auto-debit
PAY-001178,KVH-LI-00271,C0164,2026-01-10,2026-01-06,2262,2262,On-time,0,NACH Auto-debit
PAY-001179,KVH-LI-00271,C0164,2025-12-10,2025-12-10,2262,2262,On-time,0,Cheque
PAY-001180,KVH-LI-00271,C0164,2025-11-10,2025-11-06,2262,2262,On-time,0,Net Banking
PAY-001181,KVH-LI-00271,C0164,2025-10-10,2025-10-09,2262,2262,On-time,0,NACH Auto-debit
PAY-001182,KVH-LI-00271,C0164,2025-09-10,2025-09-09,2262,2262,On-time,0,UPI
PAY-001183,KVH-LI-00271,C0164,2025-08-10,2025-08-10,2262,2262,On-time,0,UPI
PAY-001184,KVH-LI-00271,C0164,2025-07-10,2025-07-10,2262,2262,On-time,0,Net Banking
PAY-001185,KVH-LI-00271,C0164,2025-06-10,2025-06-06,2262,2262,On-time,0,Credit Card
PAY-001186,KVH-LI-00271,C0164,2025-05-10,2025-05-08,2262,2262,On-time,0,NACH Auto-debit
PAY-001187,KVH-MO-00272,C0165,2025-10-28,2025-10-25,21800,21800,On-time,0,NACH Auto-debit
PAY-001188,KVH-HE-00273,C0165,2026-09-28,,3392,0,Missed,,NACH Auto-debit
PAY-001189,KVH-HE-00273,C0165,2026-08-28,2026-09-10,3392,3392,Late,13,UPI
PAY-001190,KVH-HE-00273,C0165,2026-07-28,2026-08-29,3392,3392,Late,32,NACH Auto-debit
PAY-001191,KVH-HE-00273,C0165,2026-06-28,,3392,0,Missed,,UPI
PAY-001192,KVH-HE-00273,C0165,2026-05-28,2026-06-25,3392,3392,Late,28,Net Banking
PAY-001193,KVH-HE-00273,C0165,2026-04-28,2026-04-24,3392,3392,On-time,0,Credit Card
PAY-001194,KVH-HE-00273,C0165,2026-03-28,2026-03-27,3392,3392,On-time,0,Cheque
PAY-001195,KVH-HE-00273,C0165,2026-02-28,2026-03-07,3392,3392,Late,7,NACH Auto-debit
PAY-001196,KVH-HE-00273,C0165,2026-01-28,2026-01-26,3392,3392,On-time,0,UPI
PAY-001197,KVH-HE-00273,C0165,2025-12-28,,3392,0,Missed,,NACH Auto-debit
PAY-001198,KVH-HE-00273,C0165,2025-11-28,2025-11-26,3392,3392,On-time,0,UPI
PAY-001199,KVH-HE-00273,C0165,2025-10-28,2025-10-25,3392,3392,On-time,0,UPI
PAY-001200,KVH-HE-00273,C0165,2025-09-28,2025-09-26,3392,3392,On-time,0,Net Banking
PAY-001201,KVH-HE-00273,C0165,2025-08-28,2025-08-28,3392,3392,On-time,0,Net Banking
PAY-001202,KVH-HE-00273,C0165,2025-07-28,2025-07-24,3392,3392,On-time,0,Credit Card
PAY-001203,KVH-HE-00273,C0165,2025-06-28,2025-06-27,3392,3392,On-time,0,NACH Auto-debit
PAY-001204,KVH-HE-00273,C0165,2025-05-28,2025-05-26,3392,3392,On-time,0,NACH Auto-debit
PAY-001205,KVH-LI-00274,C0165,2026-07-28,2026-07-27,12675,12675,On-time,0,UPI
PAY-001206,KVH-LI-00274,C0165,2026-04-28,2026-05-24,12675,12675,Late,26,Credit Card
PAY-001207,KVH-LI-00274,C0165,2026-01-28,2026-01-27,12675,12675,On-time,0,UPI
PAY-001208,KVH-LI-00274,C0165,2025-10-28,2025-10-24,12675,12675,On-time,0,Credit Card
PAY-001209,KVH-LI-00274,C0165,2025-07-28,2025-07-26,12675,12675,On-time,0,Cheque
PAY-001210,KVH-LI-00275,C0166,2025-10-18,2025-10-17,55850,55850,On-time,0,NACH Auto-debit
PAY-001211,KVH-HE-00276,C0167,2025-10-28,2025-10-27,9300,9300,On-time,0,NACH Auto-debit
PAY-001212,KVH-MO-00277,C0168,2025-10-15,,8500,0,Missed,,UPI
PAY-001213,KVH-HE-00278,C0168,2025-10-11,2025-10-09,36350,36350,On-time,0,NACH Auto-debit
PAY-001214,KVH-HO-00279,C0169,2026-09-10,2026-09-10,283,283,On-time,0,UPI
PAY-001215,KVH-HO-00279,C0169,2026-08-10,2026-09-09,283,283,Late,30,NACH Auto-debit
PAY-001216,KVH-HO-00279,C0169,2026-07-10,2026-07-28,283,283,Late,18,NACH Auto-debit
PAY-001217,KVH-HO-00279,C0169,2026-06-10,2026-07-05,283,283,Late,25,UPI
PAY-001218,KVH-HO-00279,C0169,2026-05-10,2026-05-16,283,283,Late,6,UPI
PAY-001219,KVH-HO-00279,C0169,2026-04-10,2026-04-07,283,283,On-time,0,NACH Auto-debit
PAY-001220,KVH-HO-00279,C0169,2026-03-10,2026-03-10,283,283,On-time,0,Credit Card
PAY-001221,KVH-HO-00279,C0169,2026-02-10,2026-02-09,283,283,On-time,0,NACH Auto-debit
PAY-001222,KVH-HO-00279,C0169,2026-01-10,2026-01-10,283,283,On-time,0,Credit Card
PAY-001223,KVH-HO-00279,C0169,2025-12-10,2025-12-31,283,283,Late,21,NACH Auto-debit
PAY-001224,KVH-HO-00279,C0169,2025-11-10,2025-11-07,283,283,On-time,0,UPI
PAY-001225,KVH-HO-00279,C0169,2025-10-10,2025-10-06,283,283,On-time,0,NACH Auto-debit
PAY-001226,KVH-HO-00279,C0169,2025-09-10,2025-09-07,283,283,On-time,0,UPI
PAY-001227,KVH-HO-00279,C0169,2025-08-10,2025-09-01,283,283,Late,22,NACH Auto-debit
PAY-001228,KVH-HO-00279,C0169,2025-07-10,2025-07-07,283,283,On-time,0,Credit Card
PAY-001229,KVH-HO-00279,C0169,2025-06-10,2025-06-09,283,283,On-time,0,NACH Auto-debit
PAY-001230,KVH-HO-00279,C0169,2025-05-10,2025-05-07,283,283,On-time,0,UPI
PAY-001231,KVH-HE-00283,C0171,2025-10-16,2025-10-14,14950,14950,On-time,0,NACH Auto-debit
PAY-001232,KVH-LI-00284,C0172,2026-09-08,2026-09-04,3542,3542,On-time,0,Cheque
PAY-001233,KVH-LI-00284,C0172,2026-08-08,2026-08-04,3542,3542,On-time,0,NACH Auto-debit
PAY-001234,KVH-LI-00284,C0172,2026-07-08,2026-07-05,3542,3542,On-time,0,UPI
PAY-001235,KVH-LI-00284,C0172,2026-06-08,2026-06-08,3542,3542,On-time,0,UPI
PAY-001236,KVH-LI-00284,C0172,2026-05-08,2026-05-05,3542,3542,On-time,0,Credit Card
PAY-001237,KVH-LI-00284,C0172,2026-04-08,2026-04-05,3542,3542,On-time,0,NACH Auto-debit
PAY-001238,KVH-LI-00284,C0172,2026-03-08,2026-03-07,3542,3542,On-time,0,UPI
PAY-001239,KVH-LI-00284,C0172,2026-02-08,2026-02-08,3542,3542,On-time,0,UPI
PAY-001240,KVH-LI-00284,C0172,2026-01-08,2026-01-08,3542,3542,On-time,0,NACH Auto-debit
PAY-001241,KVH-LI-00284,C0172,2025-12-08,2025-12-05,3542,3542,On-time,0,NACH Auto-debit
PAY-001242,KVH-LI-00284,C0172,2025-11-08,2025-11-04,3542,3542,On-time,0,NACH Auto-debit
PAY-001243,KVH-LI-00284,C0172,2025-10-08,2025-11-03,3542,3542,Late,26,Net Banking
PAY-001244,KVH-LI-00284,C0172,2025-09-08,2025-09-04,3542,3542,On-time,0,NACH Auto-debit
PAY-001245,KVH-LI-00284,C0172,2025-08-08,2025-08-06,3542,3542,On-time,0,Credit Card
PAY-001246,KVH-LI-00284,C0172,2025-07-08,2025-07-06,3542,3542,On-time,0,UPI
PAY-001247,KVH-LI-00284,C0172,2025-06-08,2025-06-04,3542,3542,On-time,0,UPI
PAY-001248,KVH-LI-00284,C0172,2025-05-08,2025-05-08,3542,3542,On-time,0,Net Banking
PAY-001249,KVH-HO-00285,C0173,2026-09-15,,262,0,Missed,,UPI
PAY-001250,KVH-HO-00285,C0173,2026-08-15,2026-08-31,262,262,Late,16,NACH Auto-debit
PAY-001251,KVH-HO-00285,C0173,2026-07-15,2026-08-05,262,262,Late,21,Cheque
PAY-001252,KVH-HO-00285,C0173,2026-06-15,2026-06-11,262,262,On-time,0,Credit Card
PAY-001253,KVH-HO-00285,C0173,2026-05-15,2026-06-14,262,262,Late,30,UPI
PAY-001254,KVH-HO-00285,C0173,2026-04-15,2026-04-13,262,262,On-time,0,UPI
PAY-001255,KVH-HO-00285,C0173,2026-03-15,2026-04-21,262,262,Late,37,NACH Auto-debit
PAY-001256,KVH-HO-00285,C0173,2026-02-15,2026-02-15,262,262,On-time,0,UPI
PAY-001257,KVH-HO-00285,C0173,2026-01-15,2026-01-13,262,262,On-time,0,Credit Card
PAY-001258,KVH-HO-00285,C0173,2025-12-15,,262,0,Missed,,UPI
PAY-001259,KVH-HO-00285,C0173,2025-11-15,2025-11-14,262,262,On-time,0,NACH Auto-debit
PAY-001260,KVH-HO-00285,C0173,2025-10-15,2025-10-13,262,262,On-time,0,Net Banking
PAY-001261,KVH-HO-00285,C0173,2025-09-15,2025-09-13,262,262,On-time,0,NACH Auto-debit
PAY-001262,KVH-HO-00285,C0173,2025-08-15,2025-08-11,262,262,On-time,0,Credit Card
PAY-001263,KVH-HO-00285,C0173,2025-07-15,,262,0,Missed,,NACH Auto-debit
PAY-001264,KVH-HO-00285,C0173,2025-06-15,2025-06-24,262,262,Late,9,NACH Auto-debit
PAY-001265,KVH-HO-00285,C0173,2025-05-15,2025-05-11,262,262,On-time,0,UPI
PAY-001266,KVH-MO-00287,C0175,2026-10-03,2026-10-03,22600,22600,On-time,0,UPI
PAY-001267,KVH-MO-00287,C0175,2025-10-03,2025-09-29,22600,22600,On-time,0,UPI
PAY-001268,KVH-LI-00288,C0175,2026-09-19,2026-09-15,3504,3504,On-time,0,NACH Auto-debit
PAY-001269,KVH-LI-00288,C0175,2026-08-19,2026-08-15,3504,3504,On-time,0,Credit Card
PAY-001270,KVH-LI-00288,C0175,2026-07-19,2026-07-18,3504,3504,On-time,0,Credit Card
PAY-001271,KVH-LI-00288,C0175,2026-06-19,2026-06-19,3504,3504,On-time,0,Net Banking
PAY-001272,KVH-LI-00288,C0175,2026-05-19,2026-05-16,3504,3504,On-time,0,Net Banking
PAY-001273,KVH-LI-00288,C0175,2026-04-19,2026-04-18,3504,3504,On-time,0,Credit Card
PAY-001274,KVH-LI-00288,C0175,2026-03-19,2026-03-15,3504,3504,On-time,0,Credit Card
PAY-001275,KVH-LI-00288,C0175,2026-02-19,2026-02-17,3504,3504,On-time,0,Credit Card
PAY-001276,KVH-LI-00288,C0175,2026-01-19,2026-01-17,3504,3504,On-time,0,Credit Card
PAY-001277,KVH-LI-00288,C0175,2025-12-19,2025-12-15,3504,3504,On-time,0,UPI
PAY-001278,KVH-LI-00288,C0175,2025-11-19,2025-11-19,3504,3504,On-time,0,Credit Card
PAY-001279,KVH-LI-00288,C0175,2025-10-19,2025-10-19,3504,3504,On-time,0,Credit Card
PAY-001280,KVH-LI-00288,C0175,2025-09-19,2025-09-15,3504,3504,On-time,0,UPI
PAY-001281,KVH-LI-00288,C0175,2025-08-19,2025-08-15,3504,3504,On-time,0,NACH Auto-debit
PAY-001282,KVH-LI-00288,C0175,2025-07-19,2025-07-15,3504,3504,On-time,0,Cheque
PAY-001283,KVH-LI-00288,C0175,2025-06-19,2025-06-16,3504,3504,On-time,0,NACH Auto-debit
PAY-001284,KVH-LI-00288,C0175,2025-05-19,2025-05-16,3504,3504,On-time,0,UPI
PAY-001285,KVH-HE-00289,C0176,2026-09-06,2026-09-05,3529,3529,On-time,0,NACH Auto-debit
PAY-001286,KVH-HE-00289,C0176,2026-08-06,2026-08-06,3529,3529,On-time,0,NACH Auto-debit
PAY-001287,KVH-HE-00289,C0176,2026-07-06,2026-07-04,3529,3529,On-time,0,Net Banking
PAY-001288,KVH-HE-00289,C0176,2026-06-06,2026-06-04,3529,3529,On-time,0,UPI
PAY-001289,KVH-HE-00289,C0176,2026-05-06,2026-05-05,3529,3529,On-time,0,Credit Card
PAY-001290,KVH-MO-00290,C0176,2025-10-09,2025-10-05,5650,5650,On-time,0,UPI
PAY-001291,KVH-MO-00291,C0177,2025-10-06,2025-10-04,19200,19200,On-time,0,NACH Auto-debit
PAY-001292,KVH-MO-00292,C0178,2025-10-24,2025-10-23,23900,23900,On-time,0,Credit Card
PAY-001293,KVH-HE-00293,C0178,2026-09-27,2026-09-25,1533,1533,On-time,0,UPI
PAY-001294,KVH-HE-00293,C0178,2026-08-27,2026-08-26,1533,1533,On-time,0,UPI
PAY-001295,KVH-HE-00293,C0178,2026-07-27,2026-07-27,1533,1533,On-time,0,Credit Card
PAY-001296,KVH-HE-00293,C0178,2026-06-27,2026-06-26,1533,1533,On-time,0,Net Banking
PAY-001297,KVH-HE-00293,C0178,2026-05-27,2026-05-27,1533,1533,On-time,0,UPI
PAY-001298,KVH-HE-00293,C0178,2026-04-27,2026-04-27,1533,1533,On-time,0,NACH Auto-debit
PAY-001299,KVH-HE-00293,C0178,2026-03-27,2026-03-24,1533,1533,On-time,0,NACH Auto-debit
PAY-001300,KVH-HE-00293,C0178,2026-02-27,2026-02-23,1533,1533,On-time,0,NACH Auto-debit
PAY-001301,KVH-HE-00293,C0178,2026-01-27,2026-01-25,1533,1533,On-time,0,UPI
PAY-001302,KVH-HE-00293,C0178,2025-12-27,2025-12-27,1533,1533,On-time,0,UPI
PAY-001303,KVH-HE-00293,C0178,2025-11-27,2025-11-23,1533,1533,On-time,0,Net Banking
PAY-001304,KVH-HE-00293,C0178,2025-10-27,2025-10-24,1533,1533,On-time,0,Net Banking
PAY-001305,KVH-HE-00293,C0178,2025-09-27,2025-09-27,1533,1533,On-time,0,Credit Card
PAY-001306,KVH-HE-00293,C0178,2025-08-27,2025-08-27,1533,1533,On-time,0,NACH Auto-debit
PAY-001307,KVH-HE-00293,C0178,2025-07-27,2025-07-26,1533,1533,On-time,0,NACH Auto-debit
PAY-001308,KVH-HE-00293,C0178,2025-06-27,2025-06-24,1533,1533,On-time,0,UPI
PAY-001309,KVH-HE-00293,C0178,2025-05-27,2025-05-25,1533,1533,On-time,0,UPI
PAY-001310,KVH-LI-00294,C0178,2025-10-09,2025-10-09,51950,51950,On-time,0,Net Banking
PAY-001311,KVH-HO-00295,C0179,2026-09-10,2026-09-10,662,662,On-time,0,Cheque
PAY-001312,KVH-HO-00295,C0179,2026-08-10,,662,0,Missed,,Net Banking
PAY-001313,KVH-HO-00295,C0179,2026-07-10,,662,0,Missed,,NACH Auto-debit
PAY-001314,KVH-HO-00295,C0179,2026-06-10,,662,0,Missed,,Cheque
PAY-001315,KVH-HO-00295,C0179,2026-05-10,2026-05-08,662,662,On-time,0,NACH Auto-debit
PAY-001316,KVH-HO-00295,C0179,2026-04-10,2026-05-19,662,662,Late,39,NACH Auto-debit
PAY-001317,KVH-HO-00295,C0179,2026-03-10,2026-03-09,662,662,On-time,0,UPI
PAY-001318,KVH-HO-00295,C0179,2026-02-10,2026-02-08,662,662,On-time,0,Net Banking
PAY-001319,KVH-HE-00296,C0179,2025-10-15,2025-10-12,12850,12850,On-time,0,UPI
PAY-001320,KVH-MO-00298,C0180,2026-10-02,,13800,0,Missed,,NACH Auto-debit
PAY-001321,KVH-HE-00299,C0181,2026-09-26,2026-09-26,3108,3108,On-time,0,UPI
PAY-001322,KVH-HE-00299,C0181,2026-08-26,2026-08-22,3108,3108,On-time,0,NACH Auto-debit
PAY-001323,KVH-HE-00299,C0181,2026-07-26,2026-07-22,3108,3108,On-time,0,Credit Card
PAY-001324,KVH-HE-00299,C0181,2026-06-26,2026-06-25,3108,3108,On-time,0,Credit Card
PAY-001325,KVH-HE-00299,C0181,2026-05-26,2026-05-26,3108,3108,On-time,0,UPI
PAY-001326,KVH-HE-00299,C0181,2026-04-26,2026-04-26,3108,3108,On-time,0,NACH Auto-debit
PAY-001327,KVH-HE-00299,C0181,2026-03-26,2026-03-23,3108,3108,On-time,0,NACH Auto-debit
PAY-001328,KVH-HE-00299,C0181,2026-02-26,2026-02-25,3108,3108,On-time,0,UPI
PAY-001329,KVH-HE-00299,C0181,2026-01-26,2026-01-24,3108,3108,On-time,0,NACH Auto-debit
PAY-001330,KVH-HE-00299,C0181,2025-12-26,2025-12-23,3108,3108,On-time,0,UPI
PAY-001331,KVH-HE-00299,C0181,2025-11-26,2025-11-24,3108,3108,On-time,0,NACH Auto-debit
PAY-001332,KVH-HE-00299,C0181,2025-10-26,2025-10-26,3108,3108,On-time,0,Credit Card
PAY-001333,KVH-HE-00299,C0181,2025-09-26,2025-09-26,3108,3108,On-time,0,Credit Card
PAY-001334,KVH-HE-00299,C0181,2025-08-26,2025-08-25,3108,3108,On-time,0,UPI
PAY-001335,KVH-HE-00299,C0181,2025-07-26,2025-07-24,3108,3108,On-time,0,UPI
PAY-001336,KVH-HE-00299,C0181,2025-06-26,2025-06-22,3108,3108,On-time,0,UPI
PAY-001337,KVH-HE-00299,C0181,2025-05-26,2025-05-23,3108,3108,On-time,0,UPI
PAY-001338,KVH-MO-00300,C0182,2025-10-15,2025-10-11,20650,20650,On-time,0,NACH Auto-debit
PAY-001339,KVH-HE-00301,C0182,2025-10-11,2025-10-07,12950,12950,On-time,0,UPI
PAY-001340,KVH-LI-00302,C0183,2026-09-14,2026-09-12,879,879,On-time,0,Net Banking
PAY-001341,KVH-LI-00302,C0183,2026-08-14,2026-09-19,879,879,Late,36,Credit Card
PAY-001342,KVH-LI-00302,C0183,2026-07-14,2026-07-14,879,879,On-time,0,NACH Auto-debit
PAY-001343,KVH-LI-00302,C0183,2026-06-14,2026-07-16,879,879,Late,32,UPI
PAY-001344,KVH-HE-00303,C0184,2026-09-15,2026-09-15,1754,1754,On-time,0,UPI
PAY-001345,KVH-HE-00303,C0184,2026-08-15,2026-08-13,1754,1754,On-time,0,NACH Auto-debit
PAY-001346,KVH-HE-00303,C0184,2026-07-15,2026-07-14,1754,1754,On-time,0,NACH Auto-debit
PAY-001347,KVH-HE-00303,C0184,2026-06-15,2026-06-14,1754,1754,On-time,0,Net Banking
PAY-001348,KVH-HE-00303,C0184,2026-05-15,2026-05-12,1754,1754,On-time,0,NACH Auto-debit
PAY-001349,KVH-HE-00303,C0184,2026-04-15,2026-04-15,1754,1754,On-time,0,NACH Auto-debit
PAY-001350,KVH-HE-00303,C0184,2026-03-15,2026-03-11,1754,1754,On-time,0,Credit Card
PAY-001351,KVH-HE-00303,C0184,2026-02-15,2026-02-12,1754,1754,On-time,0,UPI
PAY-001352,KVH-HE-00303,C0184,2026-01-15,2026-02-16,1754,1754,Late,32,NACH Auto-debit
PAY-001353,KVH-HE-00303,C0184,2025-12-15,2025-12-13,1754,1754,On-time,0,UPI
PAY-001354,KVH-HE-00303,C0184,2025-11-15,2025-11-11,1754,1754,On-time,0,NACH Auto-debit
PAY-001355,KVH-HE-00303,C0184,2025-10-15,2025-10-14,1754,1754,On-time,0,UPI
PAY-001356,KVH-HE-00303,C0184,2025-09-15,2025-09-12,1754,1754,On-time,0,Credit Card
PAY-001357,KVH-HE-00303,C0184,2025-08-15,2025-08-14,1754,1754,On-time,0,Net Banking
PAY-001358,KVH-HE-00303,C0184,2025-07-15,2025-07-15,1754,1754,On-time,0,UPI
PAY-001359,KVH-HE-00303,C0184,2025-06-15,2025-06-11,1754,1754,On-time,0,UPI
PAY-001360,KVH-HE-00303,C0184,2025-05-15,2025-05-15,1754,1754,On-time,0,UPI
PAY-001361,KVH-MO-00305,C0185,2026-10-03,2026-10-01,16050,16050,On-time,0,Credit Card
PAY-001362,KVH-MO-00305,C0185,2025-10-03,2025-10-03,16050,16050,On-time,0,NACH Auto-debit
PAY-001363,KVH-HO-00306,C0185,2026-07-22,2026-07-20,1762,1762,On-time,0,Net Banking
PAY-001364,KVH-HO-00306,C0185,2026-04-22,2026-04-20,1762,1762,On-time,0,NACH Auto-debit
PAY-001365,KVH-HE-00307,C0186,2026-10-02,2026-10-01,17750,17750,On-time,0,UPI
PAY-001366,KVH-HE-00307,C0186,2025-10-02,2025-09-30,17750,17750,On-time,0,NACH Auto-debit
PAY-001367,KVH-HO-00308,C0186,2026-09-28,2026-09-28,567,567,On-time,0,UPI
PAY-001368,KVH-HO-00308,C0186,2026-08-28,2026-08-26,567,567,On-time,0,Net Banking
PAY-001369,KVH-HO-00308,C0186,2026-07-28,2026-07-28,567,567,On-time,0,NACH Auto-debit
PAY-001370,KVH-HO-00308,C0186,2026-06-28,2026-06-25,567,567,On-time,0,Net Banking
PAY-001371,KVH-HO-00308,C0186,2026-05-28,2026-05-28,567,567,On-time,0,UPI
PAY-001372,KVH-HO-00308,C0186,2026-04-28,2026-04-28,567,567,On-time,0,NACH Auto-debit
PAY-001373,KVH-HO-00308,C0186,2026-03-28,2026-03-28,567,567,On-time,0,Credit Card
PAY-001374,KVH-HO-00308,C0186,2026-02-28,2026-02-26,567,567,On-time,0,NACH Auto-debit
PAY-001375,KVH-HO-00308,C0186,2026-01-28,2026-01-28,567,567,On-time,0,UPI
PAY-001376,KVH-HO-00308,C0186,2025-12-28,2025-12-28,567,567,On-time,0,Net Banking
PAY-001377,KVH-HO-00308,C0186,2025-11-28,2025-11-26,567,567,On-time,0,NACH Auto-debit
PAY-001378,KVH-HO-00308,C0186,2025-10-28,2025-10-24,567,567,On-time,0,NACH Auto-debit
PAY-001379,KVH-HO-00308,C0186,2025-09-28,2025-09-27,567,567,On-time,0,UPI
PAY-001380,KVH-HO-00308,C0186,2025-08-28,2025-08-27,567,567,On-time,0,Credit Card
PAY-001381,KVH-HO-00308,C0186,2025-07-28,2025-07-27,567,567,On-time,0,NACH Auto-debit
PAY-001382,KVH-HO-00308,C0186,2025-06-28,2025-06-24,567,567,On-time,0,UPI
PAY-001383,KVH-HO-00308,C0186,2025-05-28,2025-05-27,567,567,On-time,0,UPI
PAY-001384,KVH-MO-00309,C0187,2026-10-03,,41350,0,Missed,,UPI
PAY-001385,KVH-LI-00310,C0188,2025-10-28,2025-10-25,57900,57900,On-time,0,NACH Auto-debit
PAY-001386,KVH-MO-00311,C0188,2025-10-20,2025-10-19,21200,21200,On-time,0,UPI
PAY-001387,KVH-HO-00312,C0188,2026-07-22,2026-07-22,1675,1675,On-time,0,NACH Auto-debit
PAY-001388,KVH-HO-00312,C0188,2026-04-22,2026-04-20,1675,1675,On-time,0,Credit Card
PAY-001389,KVH-HO-00312,C0188,2026-01-22,2026-01-18,1675,1675,On-time,0,Net Banking
PAY-001390,KVH-HO-00312,C0188,2025-10-22,2025-10-22,1675,1675,On-time,0,NACH Auto-debit
PAY-001391,KVH-HO-00312,C0188,2025-07-22,2025-07-19,1675,1675,On-time,0,UPI
PAY-001392,KVH-MO-00313,C0189,2026-10-02,2026-09-29,22700,22700,On-time,0,UPI
PAY-001393,KVH-MO-00313,C0189,2025-10-02,2025-09-29,22700,22700,On-time,0,Net Banking
PAY-001394,KVH-MO-00314,C0190,2025-10-19,2025-10-19,65450,65450,On-time,0,NACH Auto-debit
PAY-001395,KVH-HO-00316,C0192,2026-07-14,2026-07-14,1888,1888,On-time,0,Cheque
PAY-001396,KVH-HO-00316,C0192,2026-04-14,2026-04-13,1888,1888,On-time,0,NACH Auto-debit
PAY-001397,KVH-HO-00316,C0192,2026-01-14,2026-01-11,1888,1888,On-time,0,Credit Card
PAY-001398,KVH-HO-00316,C0192,2025-10-14,2025-10-12,1888,1888,On-time,0,UPI
PAY-001399,KVH-HE-00317,C0192,2026-07-16,2026-07-15,2200,2200,On-time,0,Net Banking
PAY-001400,KVH-HE-00317,C0192,2026-04-16,2026-04-16,2200,2200,On-time,0,Net Banking
PAY-001401,KVH-HE-00318,C0193,2026-09-17,2026-09-15,5542,5542,On-time,0,UPI
PAY-001402,KVH-HE-00318,C0193,2026-08-17,2026-08-13,5542,5542,On-time,0,Credit Card
PAY-001403,KVH-HE-00318,C0193,2026-07-17,2026-07-13,5542,5542,On-time,0,Cheque
PAY-001404,KVH-HE-00318,C0193,2026-06-17,2026-06-15,5542,5542,On-time,0,UPI
PAY-001405,KVH-HE-00318,C0193,2026-05-17,2026-05-14,5542,5542,On-time,0,Net Banking
PAY-001406,KVH-HE-00318,C0193,2026-04-17,2026-04-16,5542,5542,On-time,0,NACH Auto-debit
PAY-001407,KVH-HE-00318,C0193,2026-03-17,2026-03-15,5542,5542,On-time,0,NACH Auto-debit
PAY-001408,KVH-HE-00318,C0193,2026-02-17,2026-02-15,5542,5542,On-time,0,UPI
PAY-001409,KVH-HE-00318,C0193,2026-01-17,2026-01-17,5542,5542,On-time,0,UPI
PAY-001410,KVH-HE-00318,C0193,2025-12-17,2025-12-15,5542,5542,On-time,0,Credit Card
PAY-001411,KVH-HE-00318,C0193,2025-11-17,2025-12-23,5542,5542,Late,36,UPI
PAY-001412,KVH-HE-00318,C0193,2025-10-17,2025-10-14,5542,5542,On-time,0,NACH Auto-debit
PAY-001413,KVH-HE-00318,C0193,2025-09-17,2025-09-15,5542,5542,On-time,0,UPI
PAY-001414,KVH-HE-00318,C0193,2025-08-17,2025-08-13,5542,5542,On-time,0,NACH Auto-debit
PAY-001415,KVH-HE-00318,C0193,2025-07-17,2025-07-17,5542,5542,On-time,0,UPI
PAY-001416,KVH-HE-00318,C0193,2025-06-17,2025-06-14,5542,5542,On-time,0,UPI
PAY-001417,KVH-HE-00318,C0193,2025-05-17,2025-05-13,5542,5542,On-time,0,UPI
PAY-001418,KVH-MO-00319,C0194,2025-10-28,2025-10-27,24600,24600,On-time,0,Net Banking
PAY-001419,KVH-HE-00320,C0194,2025-10-24,2025-10-22,19350,19350,On-time,0,NACH Auto-debit
PAY-001420,KVH-MO-00321,C0195,2025-10-28,2025-10-24,20050,20050,On-time,0,Cheque
PAY-001421,KVH-HE-00322,C0196,2026-07-24,2026-07-24,22838,22838,On-time,0,UPI
PAY-001422,KVH-LI-00323,C0196,2026-10-03,2026-10-03,151750,151750,On-time,0,NACH Auto-debit
PAY-001423,KVH-LI-00323,C0196,2025-10-03,2025-10-02,151750,151750,On-time,0,Net Banking
PAY-001424,KVH-MO-00324,C0196,2025-10-28,2025-10-27,49450,49450,On-time,0,Credit Card
PAY-001425,KVH-LI-00325,C0197,2025-10-26,2025-11-24,37600,37600,Late,29,NACH Auto-debit
PAY-001426,KVH-HE-00326,C0197,2026-09-19,2026-09-17,2112,2112,On-time,0,Cheque
PAY-001427,KVH-HE-00326,C0197,2026-08-19,,2112,0,Missed,,UPI
PAY-001428,KVH-HE-00326,C0197,2026-07-19,,2112,0,Missed,,UPI
PAY-001429,KVH-HE-00326,C0197,2026-06-19,2026-07-20,2112,2112,Late,31,Net Banking
PAY-001430,KVH-HE-00326,C0197,2026-05-19,2026-06-18,2112,2112,Late,30,UPI
PAY-001431,KVH-HE-00326,C0197,2026-04-19,2026-04-16,2112,2112,On-time,0,Net Banking
PAY-001432,KVH-HE-00326,C0197,2026-03-19,2026-03-16,2112,2112,On-time,0,Net Banking
PAY-001433,KVH-HE-00326,C0197,2026-02-19,2026-02-18,2112,2112,On-time,0,UPI
PAY-001434,KVH-HE-00326,C0197,2026-01-19,2026-01-17,2112,2112,On-time,0,UPI
PAY-001435,KVH-HE-00326,C0197,2025-12-19,2025-12-16,2112,2112,On-time,0,NACH Auto-debit
PAY-001436,KVH-HE-00326,C0197,2025-11-19,2025-11-16,2112,2112,On-time,0,NACH Auto-debit
PAY-001437,KVH-HE-00326,C0197,2025-10-19,2025-10-15,2112,2112,On-time,0,UPI
PAY-001438,KVH-HE-00326,C0197,2025-09-19,2025-09-15,2112,2112,On-time,0,UPI
PAY-001439,KVH-HE-00326,C0197,2025-08-19,2025-08-18,2112,2112,On-time,0,UPI
PAY-001440,KVH-HE-00326,C0197,2025-07-19,2025-08-19,2112,2112,Late,31,UPI
PAY-001441,KVH-HE-00326,C0197,2025-06-19,2025-06-17,2112,2112,On-time,0,Credit Card
PAY-001442,KVH-HE-00326,C0197,2025-05-19,2025-05-19,2112,2112,On-time,0,NACH Auto-debit
PAY-001443,KVH-MO-00327,C0198,2025-10-27,2025-10-27,32700,32700,On-time,0,NACH Auto-debit
PAY-001444,KVH-HE-00328,C0199,2026-10-02,2026-10-02,1958,1958,On-time,0,NACH Auto-debit
PAY-001445,KVH-HE-00328,C0199,2026-09-02,2026-08-30,1958,1958,On-time,0,UPI
PAY-001446,KVH-HE-00328,C0199,2026-08-02,2026-07-31,1958,1958,On-time,0,NACH Auto-debit
PAY-001447,KVH-LI-00330,C0200,2026-09-07,,2488,0,Missed,,UPI
PAY-001448,KVH-LI-00330,C0200,2026-08-07,2026-08-03,2488,2488,On-time,0,Net Banking
PAY-001449,KVH-LI-00330,C0200,2026-07-07,2026-07-06,2488,2488,On-time,0,NACH Auto-debit
PAY-001450,KVH-LI-00330,C0200,2026-06-07,2026-06-06,2488,2488,On-time,0,NACH Auto-debit
PAY-001451,KVH-HO-00331,C0201,2025-10-22,2025-10-21,18800,18800,On-time,0,UPI
PAY-001452,KVH-MO-00332,C0201,2025-10-26,2025-10-25,43550,43550,On-time,0,UPI
PAY-001453,KVH-LI-00333,C0201,2026-09-20,2026-09-16,6925,6925,On-time,0,UPI
PAY-001454,KVH-LI-00333,C0201,2026-08-20,2026-08-17,6925,6925,On-time,0,Net Banking
PAY-001455,KVH-LI-00333,C0201,2026-07-20,2026-07-16,6925,6925,On-time,0,UPI
PAY-001456,KVH-LI-00333,C0201,2026-06-20,2026-06-18,6925,6925,On-time,0,Net Banking
PAY-001457,KVH-LI-00333,C0201,2026-05-20,2026-05-19,6925,6925,On-time,0,UPI
PAY-001458,KVH-LI-00333,C0201,2026-04-20,2026-05-18,6925,6925,Late,28,UPI
PAY-001459,KVH-LI-00333,C0201,2026-03-20,2026-03-20,6925,6925,On-time,0,Net Banking
PAY-001460,KVH-LI-00333,C0201,2026-02-20,2026-02-18,6925,6925,On-time,0,Credit Card
PAY-001461,KVH-LI-00333,C0201,2026-01-20,2026-01-19,6925,6925,On-time,0,Credit Card
PAY-001462,KVH-LI-00333,C0201,2025-12-20,2025-12-19,6925,6925,On-time,0,NACH Auto-debit
PAY-001463,KVH-LI-00333,C0201,2025-11-20,2025-11-18,6925,6925,On-time,0,NACH Auto-debit
PAY-001464,KVH-LI-00333,C0201,2025-10-20,2025-10-18,6925,6925,On-time,0,UPI
PAY-001465,KVH-LI-00333,C0201,2025-09-20,2025-09-17,6925,6925,On-time,0,Credit Card
PAY-001466,KVH-LI-00333,C0201,2025-08-20,2025-08-18,6925,6925,On-time,0,UPI
PAY-001467,KVH-LI-00333,C0201,2025-07-20,2025-07-20,6925,6925,On-time,0,UPI
PAY-001468,KVH-LI-00333,C0201,2025-06-20,2025-06-17,6925,6925,On-time,0,Credit Card
PAY-001469,KVH-LI-00333,C0201,2025-05-20,2025-05-18,6925,6925,On-time,0,Credit Card
PAY-001470,KVH-LI-00334,C0202,2026-09-28,2026-09-25,4146,4146,On-time,0,Credit Card
PAY-001471,KVH-LI-00334,C0202,2026-08-28,2026-08-24,4146,4146,On-time,0,UPI
PAY-001472,KVH-LI-00334,C0202,2026-07-28,2026-07-25,4146,4146,On-time,0,Credit Card
PAY-001473,KVH-LI-00334,C0202,2026-06-28,2026-06-26,4146,4146,On-time,0,Net Banking
PAY-001474,KVH-LI-00334,C0202,2026-05-28,2026-05-28,4146,4146,On-time,0,Cheque
PAY-001475,KVH-LI-00334,C0202,2026-04-28,2026-04-25,4146,4146,On-time,0,UPI
PAY-001476,KVH-LI-00334,C0202,2026-03-28,2026-03-26,4146,4146,On-time,0,UPI
PAY-001477,KVH-LI-00334,C0202,2026-02-28,2026-02-28,4146,4146,On-time,0,NACH Auto-debit
PAY-001478,KVH-LI-00334,C0202,2026-01-28,2026-03-08,4146,4146,Late,39,UPI
PAY-001479,KVH-LI-00334,C0202,2025-12-28,2025-12-27,4146,4146,On-time,0,Net Banking
PAY-001480,KVH-LI-00334,C0202,2025-11-28,2025-11-26,4146,4146,On-time,0,UPI
PAY-001481,KVH-LI-00334,C0202,2025-10-28,2025-10-26,4146,4146,On-time,0,UPI
PAY-001482,KVH-LI-00334,C0202,2025-09-28,2025-09-24,4146,4146,On-time,0,NACH Auto-debit
PAY-001483,KVH-LI-00334,C0202,2025-08-28,2025-08-25,4146,4146,On-time,0,UPI
PAY-001484,KVH-LI-00334,C0202,2025-07-28,2025-07-24,4146,4146,On-time,0,Net Banking
PAY-001485,KVH-LI-00334,C0202,2025-06-28,2025-06-26,4146,4146,On-time,0,NACH Auto-debit
PAY-001486,KVH-LI-00334,C0202,2025-05-28,2025-05-28,4146,4146,On-time,0,UPI
PAY-001487,KVH-MO-00335,C0203,2025-10-05,2025-10-03,21450,21450,On-time,0,NACH Auto-debit
PAY-001488,KVH-MO-00336,C0204,2025-10-28,2025-10-24,31150,31150,On-time,0,UPI
PAY-001489,KVH-LI-00337,C0205,2026-07-09,2026-07-07,8612,8612,On-time,0,Credit Card
PAY-001490,KVH-LI-00337,C0205,2026-04-09,2026-04-06,8612,8612,On-time,0,Net Banking
PAY-001491,KVH-LI-00337,C0205,2026-01-09,2026-02-01,8612,8612,Late,23,NACH Auto-debit
PAY-001492,KVH-LI-00337,C0205,2025-10-09,2025-10-06,8612,8612,On-time,0,Credit Card
PAY-001493,KVH-LI-00337,C0205,2025-07-09,2025-07-09,8612,8612,On-time,0,UPI
PAY-001494,KVH-MO-00338,C0206,2025-10-28,2025-10-25,16050,16050,On-time,0,Credit Card
PAY-001495,KVH-LI-00339,C0206,2026-09-17,2026-09-13,2921,2921,On-time,0,UPI
PAY-001496,KVH-LI-00339,C0206,2026-08-17,2026-08-14,2921,2921,On-time,0,Credit Card
PAY-001497,KVH-LI-00339,C0206,2026-07-17,2026-07-16,2921,2921,On-time,0,UPI
PAY-001498,KVH-LI-00339,C0206,2026-06-17,2026-07-13,2921,2921,Late,26,Credit Card
PAY-001499,KVH-LI-00339,C0206,2026-05-17,2026-05-15,2921,2921,On-time,0,NACH Auto-debit
PAY-001500,KVH-LI-00339,C0206,2026-04-17,2026-04-16,2921,2921,On-time,0,Net Banking
PAY-001501,KVH-LI-00339,C0206,2026-03-17,2026-03-15,2921,2921,On-time,0,UPI
PAY-001502,KVH-LI-00339,C0206,2026-02-17,2026-02-14,2921,2921,On-time,0,Credit Card
PAY-001503,KVH-LI-00339,C0206,2026-01-17,2026-01-15,2921,2921,On-time,0,NACH Auto-debit
PAY-001504,KVH-LI-00339,C0206,2025-12-17,2025-12-13,2921,2921,On-time,0,UPI
PAY-001505,KVH-LI-00339,C0206,2025-11-17,2025-11-16,2921,2921,On-time,0,NACH Auto-debit
PAY-001506,KVH-LI-00339,C0206,2025-10-17,2025-10-14,2921,2921,On-time,0,Net Banking
PAY-001507,KVH-LI-00339,C0206,2025-09-17,2025-09-14,2921,2921,On-time,0,NACH Auto-debit
PAY-001508,KVH-LI-00339,C0206,2025-08-17,2025-08-15,2921,2921,On-time,0,Credit Card
PAY-001509,KVH-LI-00339,C0206,2025-07-17,2025-07-16,2921,2921,On-time,0,UPI
PAY-001510,KVH-LI-00339,C0206,2025-06-17,2025-06-17,2921,2921,On-time,0,UPI
PAY-001511,KVH-LI-00339,C0206,2025-05-17,2025-05-15,2921,2921,On-time,0,NACH Auto-debit
PAY-001512,KVH-HO-00340,C0207,2025-10-14,2025-10-13,3700,3700,On-time,0,UPI
PAY-001513,KVH-LI-00341,C0208,2025-10-06,2025-10-03,50100,50100,On-time,0,UPI
PAY-001514,KVH-MO-00342,C0208,2025-10-21,2025-10-19,11400,11400,On-time,0,Credit Card
PAY-001515,KVH-MO-00346,C0210,2025-10-11,2025-10-09,18550,18550,On-time,0,UPI
PAY-001516,KVH-HE-00347,C0210,2025-10-11,2025-10-24,12050,12050,Late,13,NACH Auto-debit
PAY-001517,KVH-LI-00348,C0211,2026-10-02,2026-10-01,2612,2612,On-time,0,Net Banking
PAY-001518,KVH-LI-00348,C0211,2026-07-02,2026-07-01,2612,2612,On-time,0,UPI
PAY-001519,KVH-LI-00348,C0211,2026-04-02,2026-03-30,2612,2612,On-time,0,UPI
PAY-001520,KVH-LI-00348,C0211,2026-01-02,2025-12-30,2612,2612,On-time,0,UPI
PAY-001521,KVH-LI-00348,C0211,2025-10-02,2025-10-02,2612,2612,On-time,0,UPI
PAY-001522,KVH-LI-00348,C0211,2025-07-02,2025-06-29,2612,2612,On-time,0,Cheque
PAY-001523,KVH-HE-00349,C0211,2026-09-14,2026-09-13,2862,2862,On-time,0,NACH Auto-debit
PAY-001524,KVH-HE-00349,C0211,2026-08-14,2026-08-13,2862,2862,On-time,0,UPI
PAY-001525,KVH-HE-00349,C0211,2026-07-14,2026-07-11,2862,2862,On-time,0,UPI
PAY-001526,KVH-HE-00349,C0211,2026-06-14,2026-06-13,2862,2862,On-time,0,Credit Card
PAY-001527,KVH-HE-00349,C0211,2026-05-14,2026-05-12,2862,2862,On-time,0,UPI
PAY-001528,KVH-HE-00349,C0211,2026-04-14,2026-04-11,2862,2862,On-time,0,NACH Auto-debit
PAY-001529,KVH-HE-00349,C0211,2026-03-14,2026-03-13,2862,2862,On-time,0,NACH Auto-debit
PAY-001530,KVH-HE-00349,C0211,2026-02-14,2026-02-12,2862,2862,On-time,0,NACH Auto-debit
PAY-001531,KVH-HE-00349,C0211,2026-01-14,2026-01-10,2862,2862,On-time,0,UPI
PAY-001532,KVH-HE-00349,C0211,2025-12-14,2025-12-12,2862,2862,On-time,0,UPI
PAY-001533,KVH-HE-00349,C0211,2025-11-14,2025-11-13,2862,2862,On-time,0,Credit Card
PAY-001534,KVH-HE-00349,C0211,2025-10-14,2025-10-11,2862,2862,On-time,0,UPI
PAY-001535,KVH-HE-00349,C0211,2025-09-14,2025-09-13,2862,2862,On-time,0,UPI
PAY-001536,KVH-HE-00349,C0211,2025-08-14,2025-08-10,2862,2862,On-time,0,Credit Card
PAY-001537,KVH-LI-00350,C0212,2026-07-09,2026-07-07,22625,22625,On-time,0,NACH Auto-debit
PAY-001538,KVH-LI-00350,C0212,2026-04-09,2026-05-09,22625,22625,Late,30,NACH Auto-debit
PAY-001539,KVH-LI-00350,C0212,2026-01-09,2026-01-06,22625,22625,On-time,0,Cheque
PAY-001540,KVH-LI-00350,C0212,2025-10-09,2025-10-17,22625,22625,Late,8,UPI
PAY-001541,KVH-LI-00350,C0212,2025-07-09,2025-07-30,22625,22625,Late,21,NACH Auto-debit
PAY-001542,KVH-MO-00351,C0212,2025-10-19,2025-10-17,12800,12800,On-time,0,UPI
PAY-001543,KVH-LI-00352,C0213,2025-10-15,2025-10-12,14700,14700,On-time,0,NACH Auto-debit
PAY-001544,KVH-HE-00353,C0213,2026-07-07,2026-07-04,7650,7650,On-time,0,NACH Auto-debit
PAY-001545,KVH-HE-00353,C0213,2026-04-07,2026-04-04,7650,7650,On-time,0,Credit Card
PAY-001546,KVH-HE-00353,C0213,2026-01-07,2026-01-03,7650,7650,On-time,0,Credit Card
PAY-001547,KVH-HE-00353,C0213,2025-10-07,2025-10-04,7650,7650,On-time,0,NACH Auto-debit
PAY-001548,KVH-HE-00353,C0213,2025-07-07,2025-07-03,7650,7650,On-time,0,Credit Card
PAY-001549,KVH-MO-00354,C0214,2026-10-02,2026-10-01,6900,6900,On-time,0,Net Banking
PAY-001550,KVH-HE-00355,C0214,2026-10-04,,10650,0,Missed,,UPI
PAY-001551,KVH-HE-00355,C0214,2026-07-04,2026-07-02,10650,10650,On-time,0,Net Banking
PAY-001552,KVH-HE-00355,C0214,2026-04-04,2026-04-01,10650,10650,On-time,0,Net Banking
PAY-001553,KVH-MO-00356,C0215,2026-10-02,2026-09-28,24900,24900,On-time,0,UPI
PAY-001554,KVH-MO-00356,C0215,2025-10-02,2025-10-02,24900,24900,On-time,0,UPI
PAY-001555,KVH-LI-00357,C0216,2025-10-16,2025-10-16,29500,29500,On-time,0,NACH Auto-debit
PAY-001556,KVH-HO-00358,C0216,2025-10-12,2025-10-10,13950,13950,On-time,0,Cheque
PAY-001557,KVH-MO-00359,C0216,2025-10-16,2025-10-13,14500,14500,On-time,0,Credit Card
PAY-001558,KVH-MO-00360,C0217,2025-10-22,2025-10-19,7200,7200,On-time,0,Net Banking
PAY-001559,KVH-HE-00361,C0218,2025-10-07,2025-10-05,35950,35950,On-time,0,UPI
PAY-001560,KVH-HO-00362,C0219,2026-07-16,2026-08-08,538,538,Late,23,Credit Card
PAY-001561,KVH-HO-00362,C0219,2026-04-16,2026-04-13,538,538,On-time,0,Cheque
PAY-001562,KVH-MO-00363,C0220,2025-10-19,2025-10-16,23400,23400,On-time,0,UPI
PAY-001563,KVH-LI-00364,C0221,2026-09-26,2026-09-23,3050,3050,On-time,0,Credit Card
PAY-001564,KVH-LI-00364,C0221,2026-08-26,2026-08-26,3050,3050,On-time,0,NACH Auto-debit
PAY-001565,KVH-LI-00364,C0221,2026-07-26,2026-07-24,3050,3050,On-time,0,UPI
PAY-001566,KVH-LI-00364,C0221,2026-06-26,2026-06-24,3050,3050,On-time,0,NACH Auto-debit
PAY-001567,KVH-LI-00364,C0221,2026-05-26,2026-05-23,3050,3050,On-time,0,UPI
PAY-001568,KVH-LI-00364,C0221,2026-04-26,2026-04-26,3050,3050,On-time,0,NACH Auto-debit
PAY-001569,KVH-LI-00364,C0221,2026-03-26,2026-03-23,3050,3050,On-time,0,UPI
PAY-001570,KVH-LI-00364,C0221,2026-02-26,2026-02-23,3050,3050,On-time,0,UPI
PAY-001571,KVH-LI-00364,C0221,2026-01-26,2026-01-26,3050,3050,On-time,0,Credit Card
PAY-001572,KVH-LI-00364,C0221,2025-12-26,2025-12-26,3050,3050,On-time,0,UPI
PAY-001573,KVH-LI-00364,C0221,2025-11-26,2025-11-24,3050,3050,On-time,0,NACH Auto-debit
PAY-001574,KVH-LI-00364,C0221,2025-10-26,2025-10-25,3050,3050,On-time,0,UPI
PAY-001575,KVH-LI-00364,C0221,2025-09-26,2025-09-25,3050,3050,On-time,0,Credit Card
PAY-001576,KVH-LI-00364,C0221,2025-08-26,2025-08-26,3050,3050,On-time,0,Net Banking
PAY-001577,KVH-LI-00364,C0221,2025-07-26,2025-07-24,3050,3050,On-time,0,UPI
PAY-001578,KVH-LI-00364,C0221,2025-06-26,2025-06-22,3050,3050,On-time,0,UPI
PAY-001579,KVH-LI-00364,C0221,2025-05-26,2025-05-24,3050,3050,On-time,0,Credit Card
PAY-001580,KVH-HE-00365,C0222,2025-10-05,2025-10-05,28800,28800,On-time,0,NACH Auto-debit
PAY-001581,KVH-MO-00366,C0223,2025-10-23,2025-10-19,8650,8650,On-time,0,UPI
PAY-001582,KVH-HE-00367,C0223,2025-10-09,2025-10-25,19950,19950,Late,16,UPI
PAY-001583,KVH-LI-00368,C0224,2025-10-06,2025-10-03,30450,30450,On-time,0,UPI
PAY-001584,KVH-MO-00369,C0225,2025-10-14,2025-10-11,9700,9700,On-time,0,NACH Auto-debit
PAY-001585,KVH-HE-00370,C0225,2025-10-24,2025-10-20,30100,30100,On-time,0,Net Banking
PAY-001586,KVH-MO-00371,C0226,2025-10-13,2025-10-11,14150,14150,On-time,0,NACH Auto-debit
PAY-001587,KVH-LI-00372,C0227,2025-10-19,2025-10-18,61700,61700,On-time,0,Credit Card
PAY-001588,KVH-MO-00373,C0227,2025-10-13,2025-10-10,13650,13650,On-time,0,NACH Auto-debit
PAY-001589,KVH-HE-00374,C0228,2026-09-05,2026-09-03,6212,6212,On-time,0,Credit Card
PAY-001590,KVH-HE-00374,C0228,2026-08-05,2026-08-02,6212,6212,On-time,0,NACH Auto-debit
PAY-001591,KVH-HE-00374,C0228,2026-07-05,2026-07-05,6212,6212,On-time,0,UPI
PAY-001592,KVH-HO-00376,C0229,2026-09-23,2026-09-22,621,621,On-time,0,UPI
PAY-001593,KVH-HO-00376,C0229,2026-08-23,2026-08-21,621,621,On-time,0,Credit Card
PAY-001594,KVH-HO-00376,C0229,2026-07-23,2026-07-22,621,621,On-time,0,UPI
PAY-001595,KVH-HO-00376,C0229,2026-06-23,2026-06-23,621,621,On-time,0,Credit Card
PAY-001596,KVH-HO-00376,C0229,2026-05-23,2026-05-21,621,621,On-time,0,UPI
PAY-001597,KVH-HO-00376,C0229,2026-04-23,2026-04-22,621,621,On-time,0,UPI
PAY-001598,KVH-HO-00376,C0229,2026-03-23,2026-03-23,621,621,On-time,0,UPI
PAY-001599,KVH-HO-00376,C0229,2026-02-23,2026-02-21,621,621,On-time,0,Credit Card
PAY-001600,KVH-HO-00376,C0229,2026-01-23,2026-01-19,621,621,On-time,0,NACH Auto-debit
PAY-001601,KVH-HO-00376,C0229,2025-12-23,2025-12-21,621,621,On-time,0,UPI
PAY-001602,KVH-HO-00376,C0229,2025-11-23,2025-11-23,621,621,On-time,0,Credit Card
PAY-001603,KVH-HO-00376,C0229,2025-10-23,2025-10-20,621,621,On-time,0,Net Banking
PAY-001604,KVH-HO-00376,C0229,2025-09-23,2025-09-22,621,621,On-time,0,Credit Card
PAY-001605,KVH-HO-00376,C0229,2025-08-23,2025-08-19,621,621,On-time,0,UPI
PAY-001606,KVH-HO-00376,C0229,2025-07-23,2025-07-23,621,621,On-time,0,Net Banking
PAY-001607,KVH-HO-00376,C0229,2025-06-23,2025-06-20,621,621,On-time,0,UPI
PAY-001608,KVH-HO-00376,C0229,2025-05-23,2025-05-19,621,621,On-time,0,UPI
PAY-001609,KVH-LI-00377,C0230,2026-09-08,2026-09-08,2304,2304,On-time,0,NACH Auto-debit
PAY-001610,KVH-LI-00377,C0230,2026-08-08,,2304,0,Missed,,Net Banking
PAY-001611,KVH-LI-00377,C0230,2026-07-08,2026-07-08,2304,2304,On-time,0,UPI
PAY-001612,KVH-LI-00377,C0230,2026-06-08,2026-07-01,2304,2304,Late,23,NACH Auto-debit
PAY-001613,KVH-LI-00377,C0230,2026-05-08,2026-05-07,2304,2304,On-time,0,NACH Auto-debit
PAY-001614,KVH-LI-00377,C0230,2026-04-08,2026-04-04,2304,2304,On-time,0,NACH Auto-debit
PAY-001615,KVH-LI-00377,C0230,2026-03-08,2026-04-07,2304,2304,Late,30,UPI
PAY-001616,KVH-LI-00377,C0230,2026-02-08,2026-02-07,2304,2304,On-time,0,UPI
PAY-001617,KVH-LI-00377,C0230,2026-01-08,2026-01-05,2304,2304,On-time,0,UPI
PAY-001618,KVH-LI-00377,C0230,2025-12-08,2025-12-07,2304,2304,On-time,0,NACH Auto-debit
PAY-001619,KVH-LI-00377,C0230,2025-11-08,,2304,0,Missed,,UPI
PAY-001620,KVH-LI-00377,C0230,2025-10-08,,2304,0,Missed,,NACH Auto-debit
PAY-001621,KVH-LI-00377,C0230,2025-09-08,2025-09-08,2304,2304,On-time,0,UPI
PAY-001622,KVH-LI-00377,C0230,2025-08-08,2025-08-05,2304,2304,On-time,0,NACH Auto-debit
PAY-001623,KVH-LI-00377,C0230,2025-07-08,2025-07-06,2304,2304,On-time,0,UPI
PAY-001624,KVH-LI-00377,C0230,2025-06-08,2025-06-04,2304,2304,On-time,0,Credit Card
PAY-001625,KVH-LI-00377,C0230,2025-05-08,2025-06-09,2304,2304,Late,32,Credit Card
PAY-001626,KVH-HE-00378,C0230,2025-10-18,2025-10-30,53500,53500,Late,12,UPI
PAY-001627,KVH-MO-00379,C0231,2025-10-16,2025-10-14,71600,71600,On-time,0,NACH Auto-debit
PAY-001628,KVH-HE-00380,C0231,2025-10-13,2025-10-13,31900,31900,On-time,0,NACH Auto-debit
PAY-001629,KVH-MO-00381,C0232,2025-10-15,2025-10-15,17600,17600,On-time,0,Net Banking
PAY-001630,KVH-LI-00382,C0232,2026-09-28,2026-09-26,2821,2821,On-time,0,UPI
PAY-001631,KVH-LI-00382,C0232,2026-08-28,2026-08-28,2821,2821,On-time,0,UPI
PAY-001632,KVH-LI-00382,C0232,2026-07-28,2026-07-27,2821,2821,On-time,0,Net Banking
PAY-001633,KVH-LI-00382,C0232,2026-06-28,2026-08-04,2821,2821,Late,37,Credit Card
PAY-001634,KVH-LI-00382,C0232,2026-05-28,2026-05-26,2821,2821,On-time,0,UPI
PAY-001635,KVH-LI-00382,C0232,2026-04-28,2026-05-05,2821,2821,Late,7,UPI
PAY-001636,KVH-LI-00382,C0232,2026-03-28,2026-03-25,2821,2821,On-time,0,UPI
PAY-001637,KVH-LI-00382,C0232,2026-02-28,2026-02-24,2821,2821,On-time,0,UPI
PAY-001638,KVH-LI-00382,C0232,2026-01-28,2026-02-25,2821,2821,Late,28,NACH Auto-debit
PAY-001639,KVH-LI-00382,C0232,2025-12-28,2025-12-28,2821,2821,On-time,0,Net Banking
PAY-001640,KVH-LI-00382,C0232,2025-11-28,2025-11-24,2821,2821,On-time,0,Credit Card
PAY-001641,KVH-LI-00382,C0232,2025-10-28,2025-11-08,2821,2821,Late,11,UPI
PAY-001642,KVH-LI-00382,C0232,2025-09-28,2025-09-28,2821,2821,On-time,0,UPI
PAY-001643,KVH-LI-00382,C0232,2025-08-28,2025-09-04,2821,2821,Late,7,UPI
PAY-001644,KVH-LI-00382,C0232,2025-07-28,2025-07-25,2821,2821,On-time,0,NACH Auto-debit
PAY-001645,KVH-LI-00382,C0232,2025-06-28,2025-06-27,2821,2821,On-time,0,NACH Auto-debit
PAY-001646,KVH-LI-00382,C0232,2025-05-28,2025-05-26,2821,2821,On-time,0,UPI
PAY-001647,KVH-HE-00383,C0232,2026-07-10,,6075,0,Missed,,NACH Auto-debit
PAY-001648,KVH-HE-00383,C0232,2026-04-10,2026-04-06,6075,6075,On-time,0,Credit Card
PAY-001649,KVH-HE-00383,C0232,2026-01-10,,6075,0,Missed,,NACH Auto-debit
PAY-001650,KVH-HE-00383,C0232,2025-10-10,2025-10-10,6075,6075,On-time,0,UPI
PAY-001651,KVH-HE-00383,C0232,2025-07-10,2025-08-18,6075,6075,Late,39,Net Banking
PAY-001652,KVH-MO-00384,C0233,2025-10-11,2025-10-10,19450,19450,On-time,0,UPI
PAY-001653,KVH-HE-00385,C0233,2026-07-17,2026-07-17,2738,2738,On-time,0,NACH Auto-debit
PAY-001654,KVH-HE-00385,C0233,2026-04-17,2026-04-13,2738,2738,On-time,0,UPI
PAY-001655,KVH-HE-00385,C0233,2026-01-17,2026-02-21,2738,2738,Late,35,NACH Auto-debit
PAY-001656,KVH-HE-00385,C0233,2025-10-17,2025-10-17,2738,2738,On-time,0,Credit Card
PAY-001657,KVH-HE-00385,C0233,2025-07-17,2025-08-01,2738,2738,Late,15,UPI
PAY-001658,KVH-HE-00386,C0234,2026-07-27,2026-07-27,3475,3475,On-time,0,UPI
PAY-001659,KVH-HE-00386,C0234,2026-04-27,2026-04-27,3475,3475,On-time,0,UPI
PAY-001660,KVH-HE-00386,C0234,2026-01-27,2026-01-23,3475,3475,On-time,0,UPI
PAY-001661,KVH-HE-00386,C0234,2025-10-27,2025-10-24,3475,3475,On-time,0,UPI
PAY-001662,KVH-HE-00386,C0234,2025-07-27,2025-08-17,3475,3475,Late,21,UPI
PAY-001663,KVH-LI-00387,C0234,2025-10-17,2025-10-14,14200,14200,On-time,0,Net Banking
PAY-001664,KVH-LI-00388,C0235,2025-10-28,2025-10-28,12100,12100,On-time,0,UPI
PAY-001665,KVH-MO-00389,C0236,2026-10-03,2026-10-02,7150,7150,On-time,0,NACH Auto-debit
PAY-001666,KVH-MO-00390,C0237,2025-10-28,2025-10-26,6150,6150,On-time,0,UPI
PAY-001667,KVH-HE-00391,C0237,2026-07-18,2026-07-14,4675,4675,On-time,0,NACH Auto-debit
PAY-001668,KVH-HE-00391,C0237,2026-04-18,2026-04-16,4675,4675,On-time,0,NACH Auto-debit
PAY-001669,KVH-HE-00391,C0237,2026-01-18,2026-01-17,4675,4675,On-time,0,UPI
PAY-001670,KVH-HE-00391,C0237,2025-10-18,2025-10-18,4675,4675,On-time,0,Credit Card
PAY-001671,KVH-HE-00391,C0237,2025-07-18,2025-07-15,4675,4675,On-time,0,UPI
PAY-001672,KVH-MO-00392,C0238,2025-10-18,2025-10-17,10450,10450,On-time,0,Credit Card
PAY-001673,KVH-LI-00393,C0238,2026-09-05,,1079,0,Missed,,UPI
PAY-001674,KVH-LI-00393,C0238,2026-08-05,2026-08-17,1079,1079,Late,12,UPI
PAY-001675,KVH-LI-00393,C0238,2026-07-05,2026-07-04,1079,1079,On-time,0,UPI
PAY-001676,KVH-LI-00393,C0238,2026-06-05,2026-06-05,1079,1079,On-time,0,Net Banking
PAY-001677,KVH-LI-00393,C0238,2026-05-05,2026-05-28,1079,1079,Late,23,NACH Auto-debit
PAY-001678,KVH-LI-00393,C0238,2026-04-05,2026-04-05,1079,1079,On-time,0,UPI
PAY-001679,KVH-LI-00393,C0238,2026-03-05,2026-04-11,1079,1079,Late,37,Net Banking
PAY-001680,KVH-LI-00393,C0238,2026-02-05,2026-03-13,1079,1079,Late,36,UPI
PAY-001681,KVH-LI-00393,C0238,2026-01-05,2026-02-01,1079,1079,Late,27,NACH Auto-debit
PAY-001682,KVH-LI-00393,C0238,2025-12-05,2025-12-04,1079,1079,On-time,0,NACH Auto-debit
PAY-001683,KVH-LI-00393,C0238,2025-11-05,2025-11-03,1079,1079,On-time,0,Cheque
PAY-001684,KVH-LI-00393,C0238,2025-10-05,2025-10-22,1079,1079,Late,17,UPI
PAY-001685,KVH-LI-00393,C0238,2025-09-05,2025-09-04,1079,1079,On-time,0,UPI
PAY-001686,KVH-LI-00393,C0238,2025-08-05,2025-08-05,1079,1079,On-time,0,NACH Auto-debit
PAY-001687,KVH-LI-00393,C0238,2025-07-05,2025-07-03,1079,1079,On-time,0,NACH Auto-debit
PAY-001688,KVH-LI-00393,C0238,2025-06-05,2025-06-03,1079,1079,On-time,0,NACH Auto-debit
PAY-001689,KVH-LI-00393,C0238,2025-05-05,2025-05-20,1079,1079,Late,15,Net Banking
PAY-001690,KVH-HE-00394,C0238,2026-09-21,,3142,0,Missed,,UPI
PAY-001691,KVH-HE-00394,C0238,2026-08-21,2026-08-31,3142,3142,Late,10,Net Banking
PAY-001692,KVH-HE-00394,C0238,2026-07-21,2026-07-31,3142,3142,Late,10,NACH Auto-debit
PAY-001693,KVH-HE-00394,C0238,2026-06-21,2026-06-20,3142,3142,On-time,0,Net Banking
PAY-001694,KVH-HE-00394,C0238,2026-05-21,,3142,0,Missed,,NACH Auto-debit
PAY-001695,KVH-HE-00394,C0238,2026-04-21,2026-04-21,3142,3142,On-time,0,NACH Auto-debit
PAY-001696,KVH-HE-00394,C0238,2026-03-21,2026-03-18,3142,3142,On-time,0,NACH Auto-debit
PAY-001697,KVH-HE-00394,C0238,2026-02-21,2026-03-11,3142,3142,Late,18,UPI
PAY-001698,KVH-HE-00394,C0238,2026-01-21,,3142,0,Missed,,NACH Auto-debit
PAY-001699,KVH-HE-00394,C0238,2025-12-21,2025-12-21,3142,3142,On-time,0,Net Banking
PAY-001700,KVH-HE-00394,C0238,2025-11-21,,3142,0,Missed,,UPI
PAY-001701,KVH-HE-00395,C0239,2026-09-28,2026-09-24,4600,4600,On-time,0,UPI
PAY-001702,KVH-HE-00395,C0239,2026-08-28,2026-08-26,4600,4600,On-time,0,UPI
PAY-001703,KVH-HE-00395,C0239,2026-07-28,2026-07-27,4600,4600,On-time,0,NACH Auto-debit
PAY-001704,KVH-HE-00395,C0239,2026-06-28,2026-06-25,4600,4600,On-time,0,Credit Card
PAY-001705,KVH-HE-00395,C0239,2026-05-28,2026-05-25,4600,4600,On-time,0,NACH Auto-debit
PAY-001706,KVH-HE-00395,C0239,2026-04-28,2026-04-28,4600,4600,On-time,0,NACH Auto-debit
PAY-001707,KVH-HE-00395,C0239,2026-03-28,2026-03-26,4600,4600,On-time,0,UPI
PAY-001708,KVH-HE-00395,C0239,2026-02-28,2026-02-27,4600,4600,On-time,0,UPI
PAY-001709,KVH-HE-00395,C0239,2026-01-28,2026-01-27,4600,4600,On-time,0,Net Banking
PAY-001710,KVH-HE-00395,C0239,2025-12-28,2025-12-27,4600,4600,On-time,0,NACH Auto-debit
PAY-001711,KVH-HE-00395,C0239,2025-11-28,2025-11-24,4600,4600,On-time,0,NACH Auto-debit
PAY-001712,KVH-HE-00395,C0239,2025-10-28,2025-10-25,4600,4600,On-time,0,NACH Auto-debit
PAY-001713,KVH-HE-00395,C0239,2025-09-28,2025-09-27,4600,4600,On-time,0,Credit Card
PAY-001714,KVH-HE-00395,C0239,2025-08-28,2025-08-26,4600,4600,On-time,0,NACH Auto-debit
PAY-001715,KVH-HE-00395,C0239,2025-07-28,2025-07-24,4600,4600,On-time,0,UPI
PAY-001716,KVH-HE-00395,C0239,2025-06-28,2025-06-24,4600,4600,On-time,0,UPI
PAY-001717,KVH-HE-00395,C0239,2025-05-28,2025-05-26,4600,4600,On-time,0,NACH Auto-debit
PAY-001718,KVH-MO-00396,C0239,2025-10-23,2025-10-21,62850,62850,On-time,0,Net Banking
PAY-001719,KVH-HE-00397,C0240,2026-07-15,2026-08-18,7912,7912,Late,34,UPI
PAY-001720,KVH-HE-00397,C0240,2026-04-15,2026-05-11,7912,7912,Late,26,UPI
PAY-001721,KVH-HE-00397,C0240,2026-01-15,2026-01-15,7912,7912,On-time,0,UPI
PAY-001722,KVH-HE-00397,C0240,2025-10-15,2025-10-13,7912,7912,On-time,0,UPI
PAY-001723,KVH-HE-00397,C0240,2025-07-15,2025-07-12,7912,7912,On-time,0,UPI
PAY-001724,KVH-LI-00398,C0240,2026-10-01,,21250,0,Missed,,Credit Card
PAY-001725,KVH-LI-00398,C0240,2026-07-01,2026-07-01,21250,21250,On-time,0,NACH Auto-debit
PAY-001726,KVH-LI-00398,C0240,2026-04-01,2026-04-28,21250,21250,Late,27,Cheque
PAY-001727,KVH-LI-00398,C0240,2026-01-01,2025-12-28,21250,21250,On-time,0,UPI
PAY-001728,KVH-LI-00398,C0240,2025-10-01,2025-09-29,21250,21250,On-time,0,Credit Card
PAY-001729,KVH-LI-00398,C0240,2025-07-01,2025-06-27,21250,21250,On-time,0,NACH Auto-debit
PAY-001730,KVH-HO-00400,C0241,2026-09-19,2026-09-18,1321,1321,On-time,0,UPI
PAY-001731,KVH-HO-00400,C0241,2026-08-19,2026-08-19,1321,1321,On-time,0,UPI
PAY-001732,KVH-HO-00400,C0241,2026-07-19,2026-07-16,1321,1321,On-time,0,UPI
PAY-001733,KVH-HO-00400,C0241,2026-06-19,2026-07-04,1321,1321,Late,15,NACH Auto-debit
PAY-001734,KVH-HO-00400,C0241,2026-05-19,2026-05-19,1321,1321,On-time,0,UPI
PAY-001735,KVH-HO-00400,C0241,2026-04-19,2026-04-17,1321,1321,On-time,0,NACH Auto-debit
PAY-001736,KVH-HO-00400,C0241,2026-03-19,2026-03-15,1321,1321,On-time,0,UPI
PAY-001737,KVH-HO-00400,C0241,2026-02-19,2026-02-18,1321,1321,On-time,0,Net Banking
PAY-001738,KVH-HO-00400,C0241,2026-01-19,2026-01-19,1321,1321,On-time,0,Credit Card
PAY-001739,KVH-HO-00400,C0241,2025-12-19,2025-12-16,1321,1321,On-time,0,NACH Auto-debit
PAY-001740,KVH-HO-00400,C0241,2025-11-19,2025-11-18,1321,1321,On-time,0,Net Banking
PAY-001741,KVH-HO-00400,C0241,2025-10-19,2025-10-19,1321,1321,On-time,0,Credit Card
PAY-001742,KVH-HO-00400,C0241,2025-09-19,2025-09-15,1321,1321,On-time,0,NACH Auto-debit
PAY-001743,KVH-HO-00400,C0241,2025-08-19,2025-08-15,1321,1321,On-time,0,UPI
PAY-001744,KVH-HO-00400,C0241,2025-07-19,2025-07-19,1321,1321,On-time,0,Credit Card
PAY-001745,KVH-HO-00400,C0241,2025-06-19,2025-06-17,1321,1321,On-time,0,UPI
PAY-001746,KVH-HO-00400,C0241,2025-05-19,2025-05-18,1321,1321,On-time,0,UPI
PAY-001747,KVH-LI-00401,C0242,2026-09-13,2026-09-09,2400,2400,On-time,0,NACH Auto-debit
PAY-001748,KVH-LI-00401,C0242,2026-08-13,2026-08-11,2400,2400,On-time,0,NACH Auto-debit
PAY-001749,KVH-LI-00401,C0242,2026-07-13,2026-07-12,2400,2400,On-time,0,UPI
PAY-001750,KVH-LI-00401,C0242,2026-06-13,2026-06-12,2400,2400,On-time,0,UPI
PAY-001751,KVH-LI-00401,C0242,2026-05-13,2026-05-12,2400,2400,On-time,0,NACH Auto-debit
PAY-001752,KVH-LI-00401,C0242,2026-04-13,2026-04-13,2400,2400,On-time,0,Credit Card
PAY-001753,KVH-LI-00401,C0242,2026-03-13,2026-03-12,2400,2400,On-time,0,UPI
PAY-001754,KVH-LI-00401,C0242,2026-02-13,2026-02-10,2400,2400,On-time,0,NACH Auto-debit
PAY-001755,KVH-LI-00401,C0242,2026-01-13,2026-01-13,2400,2400,On-time,0,UPI
PAY-001756,KVH-LI-00401,C0242,2025-12-13,2025-12-11,2400,2400,On-time,0,Net Banking
PAY-001757,KVH-LI-00401,C0242,2025-11-13,2025-11-13,2400,2400,On-time,0,Net Banking
PAY-001758,KVH-LI-00401,C0242,2025-10-13,2025-10-09,2400,2400,On-time,0,UPI
PAY-001759,KVH-LI-00401,C0242,2025-09-13,2025-09-10,2400,2400,On-time,0,NACH Auto-debit
PAY-001760,KVH-LI-00401,C0242,2025-08-13,2025-08-09,2400,2400,On-time,0,UPI
PAY-001761,KVH-LI-00401,C0242,2025-07-13,2025-07-09,2400,2400,On-time,0,NACH Auto-debit
PAY-001762,KVH-LI-00401,C0242,2025-06-13,2025-06-10,2400,2400,On-time,0,Credit Card
PAY-001763,KVH-LI-00401,C0242,2025-05-13,2025-05-13,2400,2400,On-time,0,UPI
PAY-001764,KVH-MO-00402,C0243,2025-10-11,2025-10-11,10550,10550,On-time,0,Net Banking
PAY-001765,KVH-HO-00403,C0243,2026-09-15,2026-09-24,458,458,Late,9,UPI
PAY-001766,KVH-HO-00403,C0243,2026-08-15,2026-09-11,458,458,Late,27,Credit Card
PAY-001767,KVH-HO-00403,C0243,2026-07-15,,458,0,Missed,,UPI
PAY-001768,KVH-HO-00403,C0243,2026-06-15,2026-06-11,458,458,On-time,0,NACH Auto-debit
PAY-001769,KVH-HO-00403,C0243,2026-05-15,,458,0,Missed,,Cheque
PAY-001770,KVH-HO-00403,C0243,2026-04-15,2026-05-14,458,458,Late,29,UPI
PAY-001771,KVH-HO-00403,C0243,2026-03-15,2026-03-13,458,458,On-time,0,Credit Card
PAY-001772,KVH-HO-00403,C0243,2026-02-15,2026-02-14,458,458,On-time,0,Net Banking
PAY-001773,KVH-HO-00403,C0243,2026-01-15,2026-01-12,458,458,On-time,0,NACH Auto-debit
PAY-001774,KVH-HO-00403,C0243,2025-12-15,2025-12-13,458,458,On-time,0,UPI
PAY-001775,KVH-HO-00403,C0243,2025-11-15,,458,0,Missed,,UPI
PAY-001776,KVH-HO-00403,C0243,2025-10-15,2025-10-11,458,458,On-time,0,UPI
PAY-001777,KVH-HO-00403,C0243,2025-09-15,2025-09-15,458,458,On-time,0,UPI
PAY-001778,KVH-HO-00403,C0243,2025-08-15,2025-08-12,458,458,On-time,0,NACH Auto-debit
PAY-001779,KVH-HO-00403,C0243,2025-07-15,2025-07-12,458,458,On-time,0,UPI
PAY-001780,KVH-HO-00403,C0243,2025-06-15,2025-06-11,458,458,On-time,0,NACH Auto-debit
PAY-001781,KVH-HO-00403,C0243,2025-05-15,2025-05-22,458,458,Late,7,NACH Auto-debit
PAY-001782,KVH-LI-00404,C0243,2025-10-28,2025-10-28,17900,17900,On-time,0,UPI
PAY-001783,KVH-MO-00405,C0244,2026-10-04,2026-10-01,26050,26050,On-time,0,Net Banking
PAY-001784,KVH-MO-00405,C0244,2025-10-04,2025-10-02,26050,26050,On-time,0,UPI
PAY-001785,KVH-HE-00406,C0245,2026-09-24,2026-09-30,3042,3042,Late,6,UPI
PAY-001786,KVH-HE-00406,C0245,2026-08-24,,3042,0,Missed,,UPI
PAY-001787,KVH-HE-00406,C0245,2026-07-24,2026-07-23,3042,3042,On-time,0,UPI
PAY-001788,KVH-HE-00406,C0245,2026-06-24,2026-06-21,3042,3042,On-time,0,UPI
PAY-001789,KVH-HE-00406,C0245,2026-05-24,2026-06-05,3042,3042,Late,12,NACH Auto-debit
PAY-001790,KVH-HE-00406,C0245,2026-04-24,2026-04-22,3042,3042,On-time,0,UPI
PAY-001791,KVH-HE-00406,C0245,2026-03-24,2026-03-20,3042,3042,On-time,0,Net Banking
PAY-001792,KVH-HE-00406,C0245,2026-02-24,,3042,0,Missed,,NACH Auto-debit
PAY-001793,KVH-HE-00406,C0245,2026-01-24,2026-02-26,3042,3042,Late,33,NACH Auto-debit
PAY-001794,KVH-HE-00406,C0245,2025-12-24,2025-12-22,3042,3042,On-time,0,Net Banking
PAY-001795,KVH-HE-00406,C0245,2025-11-24,2025-11-21,3042,3042,On-time,0,Credit Card
PAY-001796,KVH-HE-00406,C0245,2025-10-24,2025-10-20,3042,3042,On-time,0,NACH Auto-debit
PAY-001797,KVH-HE-00406,C0245,2025-09-24,2025-09-24,3042,3042,On-time,0,UPI
PAY-001798,KVH-HE-00406,C0245,2025-08-24,2025-08-20,3042,3042,On-time,0,NACH Auto-debit
PAY-001799,KVH-HE-00406,C0245,2025-07-24,2025-07-21,3042,3042,On-time,0,NACH Auto-debit
PAY-001800,KVH-HE-00406,C0245,2025-06-24,2025-06-22,3042,3042,On-time,0,Credit Card
PAY-001801,KVH-HE-00406,C0245,2025-05-24,2025-06-27,3042,3042,Late,34,UPI
PAY-001802,KVH-HO-00407,C0246,2026-09-28,2026-09-26,829,829,On-time,0,NACH Auto-debit
PAY-001803,KVH-HO-00407,C0246,2026-08-28,,829,0,Missed,,Credit Card
PAY-001804,KVH-HO-00407,C0246,2026-07-28,2026-08-27,829,829,Late,30,Credit Card
PAY-001805,KVH-HO-00407,C0246,2026-06-28,2026-06-26,829,829,On-time,0,Credit Card
PAY-001806,KVH-HO-00407,C0246,2026-05-28,2026-06-25,829,829,Late,28,Credit Card
PAY-001807,KVH-HO-00407,C0246,2026-04-28,2026-05-07,829,829,Late,9,UPI
PAY-001808,KVH-HO-00407,C0246,2026-03-28,2026-04-14,829,829,Late,17,Cheque
PAY-001809,KVH-HO-00407,C0246,2026-02-28,2026-03-16,829,829,Late,16,UPI
PAY-001810,KVH-HO-00407,C0246,2026-01-28,2026-01-28,829,829,On-time,0,UPI
PAY-001811,KVH-HO-00407,C0246,2025-12-28,2025-12-24,829,829,On-time,0,UPI
PAY-001812,KVH-HO-00407,C0246,2025-11-28,2025-11-26,829,829,On-time,0,NACH Auto-debit
PAY-001813,KVH-HO-00407,C0246,2025-10-28,2025-11-03,829,829,Late,6,Credit Card
PAY-001814,KVH-HO-00407,C0246,2025-09-28,,829,0,Missed,,NACH Auto-debit
PAY-001815,KVH-HO-00407,C0246,2025-08-28,2025-08-28,829,829,On-time,0,Net Banking
PAY-001816,KVH-HO-00407,C0246,2025-07-28,2025-07-28,829,829,On-time,0,UPI
PAY-001817,KVH-HO-00407,C0246,2025-06-28,2025-07-22,829,829,Late,24,UPI
PAY-001818,KVH-HO-00407,C0246,2025-05-28,2025-05-27,829,829,On-time,0,NACH Auto-debit
PAY-001819,KVH-MO-00408,C0246,2025-10-20,2025-10-20,23100,23100,On-time,0,Credit Card
PAY-001820,KVH-HE-00409,C0247,2025-10-11,2025-10-09,44500,44500,On-time,0,NACH Auto-debit
PAY-001821,KVH-HE-00411,C0248,2026-09-17,2026-09-14,1496,1496,On-time,0,NACH Auto-debit
PAY-001822,KVH-HE-00411,C0248,2026-08-17,2026-08-16,1496,1496,On-time,0,NACH Auto-debit
PAY-001823,KVH-LI-00412,C0249,2025-10-27,2025-10-27,50350,50350,On-time,0,NACH Auto-debit
PAY-001824,KVH-MO-00413,C0249,2025-10-28,2025-10-27,14750,14750,On-time,0,UPI
PAY-001825,KVH-HE-00414,C0249,2025-10-25,2025-10-24,46800,46800,On-time,0,Cheque
PAY-001826,KVH-MO-00415,C0250,2025-10-05,2025-10-04,45500,45500,On-time,0,Net Banking
PAY-001827,KVH-LI-00416,C0250,2025-10-23,2025-10-19,20000,20000,On-time,0,Cheque
PAY-001828,KVH-HO-00417,C0250,2026-09-28,2026-09-26,1262,1262,On-time,0,NACH Auto-debit
PAY-001829,KVH-HO-00417,C0250,2026-08-28,2026-08-27,1262,1262,On-time,0,UPI
PAY-001830,KVH-HO-00417,C0250,2026-07-28,2026-07-28,1262,1262,On-time,0,NACH Auto-debit
PAY-001831,KVH-HO-00417,C0250,2026-06-28,2026-06-24,1262,1262,On-time,0,Credit Card
PAY-001832,KVH-HO-00417,C0250,2026-05-28,2026-05-26,1262,1262,On-time,0,Net Banking
PAY-001833,KVH-HO-00417,C0250,2026-04-28,2026-04-28,1262,1262,On-time,0,NACH Auto-debit
PAY-001834,KVH-HO-00417,C0250,2026-03-28,2026-03-24,1262,1262,On-time,0,Net Banking
PAY-001835,KVH-HO-00417,C0250,2026-02-28,2026-02-25,1262,1262,On-time,0,UPI
PAY-001836,KVH-HO-00417,C0250,2026-01-28,2026-01-28,1262,1262,On-time,0,Credit Card
PAY-001837,KVH-HO-00417,C0250,2025-12-28,2026-01-23,1262,1262,Late,26,UPI
PAY-001838,KVH-HO-00417,C0250,2025-11-28,2025-11-25,1262,1262,On-time,0,UPI
PAY-001839,KVH-HO-00417,C0250,2025-10-28,2025-10-26,1262,1262,On-time,0,UPI
PAY-001840,KVH-HO-00417,C0250,2025-09-28,2025-09-25,1262,1262,On-time,0,UPI
PAY-001841,KVH-HO-00417,C0250,2025-08-28,2025-08-25,1262,1262,On-time,0,Credit Card
PAY-001842,KVH-HO-00417,C0250,2025-07-28,2025-07-24,1262,1262,On-time,0,Net Banking
PAY-001843,KVH-HO-00417,C0250,2025-06-28,2025-06-24,1262,1262,On-time,0,NACH Auto-debit
PAY-001844,KVH-HO-00417,C0250,2025-05-28,2025-05-28,1262,1262,On-time,0,NACH Auto-debit
PAY-001845,KVH-MO-00418,C0251,2025-10-19,2025-10-18,10050,10050,On-time,0,NACH Auto-debit
PAY-001846,KVH-HE-00419,C0251,2025-10-14,2025-10-13,6750,6750,On-time,0,UPI
PAY-001847,KVH-HO-00420,C0251,2026-07-25,2026-07-25,2275,2275,On-time,0,UPI
PAY-001848,KVH-HO-00420,C0251,2026-04-25,2026-04-22,2275,2275,On-time,0,UPI
PAY-001849,KVH-HO-00420,C0251,2026-01-25,2026-01-21,2275,2275,On-time,0,UPI
PAY-001850,KVH-HO-00420,C0251,2025-10-25,2025-10-25,2275,2275,On-time,0,Net Banking
PAY-001851,KVH-HO-00420,C0251,2025-07-25,2025-07-24,2275,2275,On-time,0,Credit Card
PAY-001852,KVH-MO-00421,C0252,2025-10-10,2025-10-07,17100,17100,On-time,0,Net Banking
PAY-001853,KVH-HE-00422,C0252,2025-10-28,2025-10-25,23700,23700,On-time,0,Credit Card
PAY-001854,KVH-HE-00423,C0253,2025-10-22,2025-10-19,43400,43400,On-time,0,UPI
PAY-001855,KVH-MO-00424,C0253,2025-10-06,2025-10-26,26450,26450,Late,20,UPI
PAY-001856,KVH-MO-00426,C0254,2025-10-18,2025-10-16,5000,5000,On-time,0,UPI
PAY-001857,KVH-LI-00427,C0254,2025-10-20,2025-10-18,57100,57100,On-time,0,UPI
PAY-001858,KVH-LI-00428,C0255,2026-10-02,,7575,0,Missed,,NACH Auto-debit
PAY-001859,KVH-LI-00428,C0255,2026-07-02,2026-07-08,7575,7575,Late,6,NACH Auto-debit
PAY-001860,KVH-LI-00428,C0255,2026-04-02,,7575,0,Missed,,NACH Auto-debit
PAY-001861,KVH-LI-00428,C0255,2026-01-02,,7575,0,Missed,,Credit Card
PAY-001862,KVH-LI-00428,C0255,2025-10-02,2025-09-29,7575,7575,On-time,0,Net Banking
PAY-001863,KVH-LI-00428,C0255,2025-07-02,2025-08-10,7575,7575,Late,39,Credit Card
PAY-001864,KVH-HE-00429,C0256,2026-09-26,2026-09-23,3304,3304,On-time,0,UPI
PAY-001865,KVH-HE-00429,C0256,2026-08-26,2026-08-23,3304,3304,On-time,0,UPI
PAY-001866,KVH-HE-00429,C0256,2026-07-26,2026-07-25,3304,3304,On-time,0,NACH Auto-debit
PAY-001867,KVH-HE-00429,C0256,2026-06-26,2026-06-22,3304,3304,On-time,0,NACH Auto-debit
PAY-001868,KVH-HE-00429,C0256,2026-05-26,2026-05-22,3304,3304,On-time,0,Credit Card
PAY-001869,KVH-HE-00429,C0256,2026-04-26,2026-04-24,3304,3304,On-time,0,UPI
PAY-001870,KVH-HE-00429,C0256,2026-03-26,2026-03-23,3304,3304,On-time,0,Net Banking
PAY-001871,KVH-HE-00429,C0256,2026-02-26,2026-02-24,3304,3304,On-time,0,NACH Auto-debit
PAY-001872,KVH-HE-00429,C0256,2026-01-26,2026-01-25,3304,3304,On-time,0,UPI
PAY-001873,KVH-HE-00429,C0256,2025-12-26,2025-12-26,3304,3304,On-time,0,Credit Card
PAY-001874,KVH-HE-00429,C0256,2025-11-26,2025-11-25,3304,3304,On-time,0,NACH Auto-debit
PAY-001875,KVH-HE-00429,C0256,2025-10-26,2025-10-25,3304,3304,On-time,0,UPI
PAY-001876,KVH-HE-00429,C0256,2025-09-26,2025-09-23,3304,3304,On-time,0,Credit Card
PAY-001877,KVH-HE-00429,C0256,2025-08-26,2025-08-26,3304,3304,On-time,0,UPI
PAY-001878,KVH-HE-00429,C0256,2025-07-26,2025-07-23,3304,3304,On-time,0,UPI
PAY-001879,KVH-HE-00429,C0256,2025-06-26,2025-06-22,3304,3304,On-time,0,UPI
PAY-001880,KVH-HE-00429,C0256,2025-05-26,2025-05-25,3304,3304,On-time,0,NACH Auto-debit
PAY-001881,KVH-LI-00430,C0256,2026-09-28,2026-09-28,2762,2762,On-time,0,NACH Auto-debit
PAY-001882,KVH-LI-00430,C0256,2026-08-28,2026-08-24,2762,2762,On-time,0,UPI
PAY-001883,KVH-LI-00430,C0256,2026-07-28,2026-07-28,2762,2762,On-time,0,UPI
PAY-001884,KVH-LI-00430,C0256,2026-06-28,2026-06-26,2762,2762,On-time,0,Cheque
PAY-001885,KVH-LI-00430,C0256,2026-05-28,2026-05-24,2762,2762,On-time,0,Credit Card
PAY-001886,KVH-LI-00430,C0256,2026-04-28,2026-04-27,2762,2762,On-time,0,NACH Auto-debit
PAY-001887,KVH-LI-00430,C0256,2026-03-28,2026-03-24,2762,2762,On-time,0,UPI
PAY-001888,KVH-LI-00430,C0256,2026-02-28,2026-02-27,2762,2762,On-time,0,Credit Card
PAY-001889,KVH-LI-00430,C0256,2026-01-28,2026-01-27,2762,2762,On-time,0,Net Banking
PAY-001890,KVH-LI-00430,C0256,2025-12-28,2025-12-27,2762,2762,On-time,0,UPI
PAY-001891,KVH-LI-00430,C0256,2025-11-28,2025-11-24,2762,2762,On-time,0,Net Banking
PAY-001892,KVH-LI-00430,C0256,2025-10-28,2025-10-28,2762,2762,On-time,0,NACH Auto-debit
PAY-001893,KVH-LI-00430,C0256,2025-09-28,2025-09-28,2762,2762,On-time,0,NACH Auto-debit
PAY-001894,KVH-LI-00430,C0256,2025-08-28,2025-08-27,2762,2762,On-time,0,NACH Auto-debit
PAY-001895,KVH-LI-00430,C0256,2025-07-28,2025-07-28,2762,2762,On-time,0,NACH Auto-debit
PAY-001896,KVH-LI-00430,C0256,2025-06-28,2025-06-25,2762,2762,On-time,0,UPI
PAY-001897,KVH-LI-00430,C0256,2025-05-28,2025-05-26,2762,2762,On-time,0,UPI
PAY-001898,KVH-LI-00431,C0257,2026-07-19,2026-07-17,17288,17288,On-time,0,UPI
PAY-001899,KVH-LI-00431,C0257,2026-04-19,2026-04-19,17288,17288,On-time,0,UPI
PAY-001900,KVH-LI-00431,C0257,2026-01-19,2026-01-16,17288,17288,On-time,0,Credit Card
PAY-001901,KVH-LI-00431,C0257,2025-10-19,2025-10-16,17288,17288,On-time,0,UPI
PAY-001902,KVH-LI-00431,C0257,2025-07-19,2025-07-19,17288,17288,On-time,0,NACH Auto-debit
PAY-001903,KVH-HE-00432,C0257,2026-09-27,2026-09-26,4075,4075,On-time,0,Credit Card
PAY-001904,KVH-HE-00432,C0257,2026-08-27,2026-08-24,4075,4075,On-time,0,UPI
PAY-001905,KVH-HE-00432,C0257,2026-07-27,2026-07-23,4075,4075,On-time,0,UPI
PAY-001906,KVH-HE-00432,C0257,2026-06-27,2026-06-26,4075,4075,On-time,0,Net Banking
PAY-001907,KVH-HE-00432,C0257,2026-05-27,2026-05-23,4075,4075,On-time,0,NACH Auto-debit
PAY-001908,KVH-HE-00432,C0257,2026-04-27,2026-04-27,4075,4075,On-time,0,UPI
PAY-001909,KVH-HE-00432,C0257,2026-03-27,2026-03-25,4075,4075,On-time,0,NACH Auto-debit
PAY-001910,KVH-HE-00432,C0257,2026-02-27,2026-02-23,4075,4075,On-time,0,NACH Auto-debit
PAY-001911,KVH-HE-00432,C0257,2026-01-27,2026-01-25,4075,4075,On-time,0,UPI
PAY-001912,KVH-HE-00432,C0257,2025-12-27,2025-12-25,4075,4075,On-time,0,Net Banking
PAY-001913,KVH-HE-00432,C0257,2025-11-27,2025-11-24,4075,4075,On-time,0,UPI
PAY-001914,KVH-HE-00432,C0257,2025-10-27,2025-10-25,4075,4075,On-time,0,Credit Card
PAY-001915,KVH-HE-00432,C0257,2025-09-27,2025-09-26,4075,4075,On-time,0,UPI
PAY-001916,KVH-HE-00432,C0257,2025-08-27,2025-08-24,4075,4075,On-time,0,UPI
PAY-001917,KVH-HE-00432,C0257,2025-07-27,2025-07-26,4075,4075,On-time,0,NACH Auto-debit
PAY-001918,KVH-HE-00432,C0257,2025-06-27,2025-06-24,4075,4075,On-time,0,Net Banking
PAY-001919,KVH-HE-00432,C0257,2025-05-27,2025-05-25,4075,4075,On-time,0,NACH Auto-debit
PAY-001920,KVH-MO-00433,C0257,2025-10-11,2025-10-11,51300,51300,On-time,0,NACH Auto-debit
PAY-001921,KVH-MO-00434,C0258,2025-10-22,2025-10-22,27900,27900,On-time,0,UPI
PAY-001922,KVH-MO-00435,C0259,2025-10-24,2025-10-22,28900,28900,On-time,0,UPI
PAY-001923,KVH-HE-00436,C0260,2026-07-25,2026-07-23,13538,13538,On-time,0,NACH Auto-debit
PAY-001924,KVH-HE-00436,C0260,2026-04-25,2026-04-25,13538,13538,On-time,0,Credit Card
PAY-001925,KVH-HE-00436,C0260,2026-01-25,2026-01-24,13538,13538,On-time,0,Net Banking
PAY-001926,KVH-HE-00436,C0260,2025-10-25,2025-10-24,13538,13538,On-time,0,NACH Auto-debit
PAY-001927,KVH-HE-00436,C0260,2025-07-25,2025-07-25,13538,13538,On-time,0,UPI
PAY-001928,KVH-MO-00438,C0262,2025-10-24,2025-10-20,17200,17200,On-time,0,UPI
PAY-001929,KVH-MO-00440,C0263,2025-10-26,2025-10-24,24750,24750,On-time,0,UPI
PAY-001930,KVH-HE-00441,C0263,2026-09-06,2026-09-06,2150,2150,On-time,0,Credit Card
PAY-001931,KVH-HE-00441,C0263,2026-08-06,2026-08-02,2150,2150,On-time,0,UPI
PAY-001932,KVH-HE-00441,C0263,2026-07-06,2026-07-05,2150,2150,On-time,0,UPI
PAY-001933,KVH-HE-00441,C0263,2026-06-06,2026-06-06,2150,2150,On-time,0,Cheque
PAY-001934,KVH-HE-00441,C0263,2026-05-06,2026-05-06,2150,2150,On-time,0,UPI
PAY-001935,KVH-HE-00441,C0263,2026-04-06,2026-04-06,2150,2150,On-time,0,Net Banking
PAY-001936,KVH-HE-00441,C0263,2026-03-06,2026-03-02,2150,2150,On-time,0,UPI
PAY-001937,KVH-HE-00441,C0263,2026-02-06,2026-02-05,2150,2150,On-time,0,UPI
PAY-001938,KVH-HE-00441,C0263,2026-01-06,2026-01-03,2150,2150,On-time,0,Credit Card
PAY-001939,KVH-HE-00441,C0263,2025-12-06,2025-12-06,2150,2150,On-time,0,NACH Auto-debit
PAY-001940,KVH-HE-00442,C0264,2025-10-07,2025-10-07,106050,106050,On-time,0,UPI
PAY-001941,KVH-MO-00443,C0264,2025-10-27,2025-10-26,60400,60400,On-time,0,Credit Card
PAY-001942,KVH-HE-00444,C0265,2026-10-04,2026-09-30,1871,1871,On-time,0,Net Banking
PAY-001943,KVH-HE-00444,C0265,2026-09-04,2026-09-04,1871,1871,On-time,0,Net Banking
PAY-001944,KVH-HE-00444,C0265,2026-08-04,2026-09-12,1871,1871,Late,39,UPI
PAY-001945,KVH-HE-00444,C0265,2026-07-04,2026-08-11,1871,1871,Late,38,NACH Auto-debit
PAY-001946,KVH-HE-00444,C0265,2026-06-04,2026-06-01,1871,1871,On-time,0,Cheque
PAY-001947,KVH-HE-00444,C0265,2026-05-04,2026-05-03,1871,1871,On-time,0,Credit Card
PAY-001948,KVH-HE-00444,C0265,2026-04-04,2026-04-01,1871,1871,On-time,0,UPI
PAY-001949,KVH-HE-00444,C0265,2026-03-04,2026-03-02,1871,1871,On-time,0,UPI
PAY-001950,KVH-HE-00444,C0265,2026-02-04,2026-02-01,1871,1871,On-time,0,NACH Auto-debit
PAY-001951,KVH-HE-00444,C0265,2026-01-04,2026-01-02,1871,1871,On-time,0,UPI
PAY-001952,KVH-HE-00444,C0265,2025-12-04,2025-11-30,1871,1871,On-time,0,NACH Auto-debit
PAY-001953,KVH-HE-00444,C0265,2025-11-04,2025-12-12,1871,1871,Late,38,UPI
PAY-001954,KVH-HE-00444,C0265,2025-10-04,2025-10-02,1871,1871,On-time,0,Credit Card
PAY-001955,KVH-HE-00444,C0265,2025-09-04,,1871,0,Missed,,Cheque
PAY-001956,KVH-MO-00445,C0265,2025-10-28,2025-10-25,24100,24100,On-time,0,Net Banking
PAY-001957,KVH-HE-00447,C0266,2026-09-16,2026-10-02,1296,1296,Late,16,NACH Auto-debit
PAY-001958,KVH-HE-00447,C0266,2026-08-16,2026-08-12,1296,1296,On-time,0,UPI
PAY-001959,KVH-HE-00447,C0266,2026-07-16,,1296,0,Missed,,Cheque
PAY-001960,KVH-HE-00447,C0266,2026-06-16,,1296,0,Missed,,Credit Card
PAY-001961,KVH-HE-00447,C0266,2026-05-16,2026-06-20,1296,1296,Late,35,NACH Auto-debit
PAY-001962,KVH-HE-00447,C0266,2026-04-16,2026-04-15,1296,1296,On-time,0,UPI
PAY-001963,KVH-HE-00447,C0266,2026-03-16,2026-03-12,1296,1296,On-time,0,Credit Card
PAY-001964,KVH-HE-00447,C0266,2026-02-16,2026-02-16,1296,1296,On-time,0,NACH Auto-debit
PAY-001965,KVH-HE-00447,C0266,2026-01-16,2026-02-21,1296,1296,Late,36,Net Banking
PAY-001966,KVH-HE-00447,C0266,2025-12-16,2025-12-12,1296,1296,On-time,0,Credit Card
PAY-001967,KVH-HE-00447,C0266,2025-11-16,2025-11-25,1296,1296,Late,9,UPI
PAY-001968,KVH-HE-00447,C0266,2025-10-16,2025-11-01,1296,1296,Late,16,UPI
PAY-001969,KVH-HE-00447,C0266,2025-09-16,2025-10-21,1296,1296,Late,35,Credit Card
PAY-001970,KVH-HE-00447,C0266,2025-08-16,2025-08-14,1296,1296,On-time,0,UPI
PAY-001971,KVH-HE-00447,C0266,2025-07-16,2025-07-16,1296,1296,On-time,0,NACH Auto-debit
PAY-001972,KVH-HE-00447,C0266,2025-06-16,2025-06-12,1296,1296,On-time,0,NACH Auto-debit
PAY-001973,KVH-HE-00447,C0266,2025-05-16,2025-05-16,1296,1296,On-time,0,UPI
PAY-001974,KVH-LI-00449,C0267,2026-07-28,2026-07-28,6500,6500,On-time,0,UPI
PAY-001975,KVH-LI-00449,C0267,2026-04-28,2026-04-27,6500,6500,On-time,0,Cheque
PAY-001976,KVH-LI-00449,C0267,2026-01-28,2026-01-24,6500,6500,On-time,0,UPI
PAY-001977,KVH-LI-00449,C0267,2025-10-28,2025-10-25,6500,6500,On-time,0,NACH Auto-debit
PAY-001978,KVH-LI-00449,C0267,2025-07-28,2025-07-28,6500,6500,On-time,0,Credit Card
PAY-001979,KVH-HE-00450,C0268,2025-10-15,2025-10-13,42500,42500,On-time,0,NACH Auto-debit
PAY-001980,KVH-MO-00451,C0268,2025-10-12,2025-10-11,33050,33050,On-time,0,Credit Card
PAY-001981,KVH-LI-00452,C0268,2026-09-19,2026-09-16,2167,2167,On-time,0,Net Banking
PAY-001982,KVH-LI-00452,C0268,2026-08-19,2026-08-19,2167,2167,On-time,0,NACH Auto-debit
PAY-001983,KVH-LI-00452,C0268,2026-07-19,2026-07-19,2167,2167,On-time,0,NACH Auto-debit
PAY-001984,KVH-LI-00452,C0268,2026-06-19,2026-06-18,2167,2167,On-time,0,UPI
PAY-001985,KVH-LI-00452,C0268,2026-05-19,2026-05-17,2167,2167,On-time,0,UPI
PAY-001986,KVH-LI-00452,C0268,2026-04-19,2026-04-18,2167,2167,On-time,0,UPI
PAY-001987,KVH-LI-00452,C0268,2026-03-19,2026-03-16,2167,2167,On-time,0,NACH Auto-debit
PAY-001988,KVH-LI-00452,C0268,2026-02-19,2026-02-18,2167,2167,On-time,0,UPI
PAY-001989,KVH-LI-00452,C0268,2026-01-19,2026-02-07,2167,2167,Late,19,Credit Card
PAY-001990,KVH-LI-00452,C0268,2025-12-19,2025-12-17,2167,2167,On-time,0,UPI
PAY-001991,KVH-LI-00452,C0268,2025-11-19,2025-11-18,2167,2167,On-time,0,UPI
PAY-001992,KVH-LI-00452,C0268,2025-10-19,2025-10-17,2167,2167,On-time,0,UPI
PAY-001993,KVH-LI-00452,C0268,2025-09-19,2025-09-18,2167,2167,On-time,0,UPI
PAY-001994,KVH-LI-00452,C0268,2025-08-19,2025-08-16,2167,2167,On-time,0,UPI
PAY-001995,KVH-LI-00452,C0268,2025-07-19,2025-07-17,2167,2167,On-time,0,UPI
PAY-001996,KVH-LI-00452,C0268,2025-06-19,2025-06-15,2167,2167,On-time,0,UPI
PAY-001997,KVH-LI-00452,C0268,2025-05-19,2025-05-15,2167,2167,On-time,0,NACH Auto-debit
PAY-001998,KVH-HE-00453,C0269,2025-10-07,2025-10-05,19750,19750,On-time,0,NACH Auto-debit
PAY-001999,KVH-HE-00454,C0270,2026-09-28,2026-09-27,1362,1362,On-time,0,NACH Auto-debit
PAY-002000,KVH-HE-00454,C0270,2026-08-28,2026-08-27,1362,1362,On-time,0,UPI
PAY-002001,KVH-HE-00454,C0270,2026-07-28,2026-07-25,1362,1362,On-time,0,UPI
PAY-002002,KVH-HE-00454,C0270,2026-06-28,2026-06-25,1362,1362,On-time,0,Net Banking
PAY-002003,KVH-HE-00454,C0270,2026-05-28,2026-05-25,1362,1362,On-time,0,NACH Auto-debit
PAY-002004,KVH-HE-00454,C0270,2026-04-28,2026-04-25,1362,1362,On-time,0,Net Banking
PAY-002005,KVH-HE-00454,C0270,2026-03-28,2026-03-28,1362,1362,On-time,0,NACH Auto-debit
PAY-002006,KVH-HE-00454,C0270,2026-02-28,2026-02-25,1362,1362,On-time,0,Net Banking
PAY-002007,KVH-HE-00454,C0270,2026-01-28,2026-01-25,1362,1362,On-time,0,NACH Auto-debit
PAY-002008,KVH-HE-00454,C0270,2025-12-28,2025-12-27,1362,1362,On-time,0,NACH Auto-debit
PAY-002009,KVH-HE-00454,C0270,2025-11-28,2025-11-24,1362,1362,On-time,0,NACH Auto-debit
PAY-002010,KVH-HE-00454,C0270,2025-10-28,2025-10-24,1362,1362,On-time,0,NACH Auto-debit
PAY-002011,KVH-HE-00454,C0270,2025-09-28,2025-09-25,1362,1362,On-time,0,Net Banking
PAY-002012,KVH-HE-00454,C0270,2025-08-28,2025-08-25,1362,1362,On-time,0,NACH Auto-debit
PAY-002013,KVH-HE-00454,C0270,2025-07-28,2025-07-28,1362,1362,On-time,0,NACH Auto-debit
PAY-002014,KVH-HE-00454,C0270,2025-06-28,2025-06-25,1362,1362,On-time,0,UPI
PAY-002015,KVH-HE-00454,C0270,2025-05-28,2025-05-28,1362,1362,On-time,0,Net Banking
PAY-002016,KVH-MO-00455,C0270,2025-10-20,2025-10-17,22100,22100,On-time,0,NACH Auto-debit
PAY-002017,KVH-HE-00456,C0271,2025-10-26,2025-10-26,23950,23950,On-time,0,NACH Auto-debit
PAY-002018,KVH-MO-00457,C0271,2026-10-04,2026-10-02,14600,14600,On-time,0,Credit Card
PAY-002019,KVH-MO-00457,C0271,2025-10-04,2025-10-03,14600,14600,On-time,0,Credit Card
PAY-002020,KVH-HO-00458,C0271,2025-10-19,2025-10-15,6150,6150,On-time,0,UPI
PAY-002021,KVH-MO-00459,C0272,2025-10-17,2025-10-16,15500,15500,On-time,0,NACH Auto-debit
PAY-002022,KVH-HE-00460,C0272,2026-09-26,2026-09-22,1538,1538,On-time,0,Net Banking
PAY-002023,KVH-HE-00460,C0272,2026-08-26,2026-08-24,1538,1538,On-time,0,NACH Auto-debit
PAY-002024,KVH-HE-00460,C0272,2026-07-26,2026-07-25,1538,1538,On-time,0,NACH Auto-debit
PAY-002025,KVH-HE-00460,C0272,2026-06-26,2026-06-26,1538,1538,On-time,0,Cheque
PAY-002026,KVH-HE-00460,C0272,2026-05-26,2026-05-24,1538,1538,On-time,0,Net Banking
PAY-002027,KVH-HE-00460,C0272,2026-04-26,2026-04-26,1538,1538,On-time,0,NACH Auto-debit
PAY-002028,KVH-HE-00460,C0272,2026-03-26,2026-03-25,1538,1538,On-time,0,NACH Auto-debit
PAY-002029,KVH-HE-00460,C0272,2026-02-26,2026-02-26,1538,1538,On-time,0,Net Banking
PAY-002030,KVH-HE-00460,C0272,2026-01-26,2026-01-25,1538,1538,On-time,0,UPI
PAY-002031,KVH-HE-00460,C0272,2025-12-26,2025-12-23,1538,1538,On-time,0,UPI
PAY-002032,KVH-HE-00460,C0272,2025-11-26,2025-11-23,1538,1538,On-time,0,NACH Auto-debit
PAY-002033,KVH-HE-00460,C0272,2025-10-26,2025-10-26,1538,1538,On-time,0,Credit Card
PAY-002034,KVH-HE-00460,C0272,2025-09-26,2025-09-26,1538,1538,On-time,0,NACH Auto-debit
PAY-002035,KVH-HE-00460,C0272,2025-08-26,2025-09-19,1538,1538,Late,24,UPI
PAY-002036,KVH-HE-00460,C0272,2025-07-26,2025-07-26,1538,1538,On-time,0,Cheque
PAY-002037,KVH-HE-00460,C0272,2025-06-26,2025-06-23,1538,1538,On-time,0,Credit Card
PAY-002038,KVH-HE-00460,C0272,2025-05-26,2025-05-25,1538,1538,On-time,0,NACH Auto-debit
PAY-002039,KVH-MO-00461,C0273,2025-10-14,2025-10-11,7750,7750,On-time,0,NACH Auto-debit
PAY-002040,KVH-HE-00462,C0273,2026-10-04,2026-09-30,9788,9788,On-time,0,Credit Card
PAY-002041,KVH-HE-00462,C0273,2026-07-04,2026-07-03,9788,9788,On-time,0,Net Banking
PAY-002042,KVH-HE-00462,C0273,2026-04-04,2026-04-04,9788,9788,On-time,0,UPI
PAY-002043,KVH-HE-00462,C0273,2026-01-04,2025-12-31,9788,9788,On-time,0,UPI
PAY-002044,KVH-HE-00462,C0273,2025-10-04,2025-10-03,9788,9788,On-time,0,UPI
PAY-002045,KVH-HE-00462,C0273,2025-07-04,2025-07-02,9788,9788,On-time,0,UPI
PAY-002046,KVH-MO-00463,C0274,2025-10-17,2025-10-13,17850,17850,On-time,0,Credit Card
PAY-002047,KVH-HE-00464,C0274,2026-09-15,2026-09-11,6950,6950,On-time,0,Credit Card
PAY-002048,KVH-HE-00464,C0274,2026-08-15,2026-08-24,6950,6950,Late,9,NACH Auto-debit
PAY-002049,KVH-HE-00464,C0274,2026-07-15,,6950,0,Missed,,NACH Auto-debit
PAY-002050,KVH-LI-00465,C0275,2026-09-28,2026-09-26,3679,3679,On-time,0,NACH Auto-debit
PAY-002051,KVH-LI-00465,C0275,2026-08-28,2026-08-27,3679,3679,On-time,0,Credit Card
PAY-002052,KVH-LI-00465,C0275,2026-07-28,2026-07-28,3679,3679,On-time,0,Net Banking
PAY-002053,KVH-LI-00465,C0275,2026-06-28,2026-06-24,3679,3679,On-time,0,NACH Auto-debit
PAY-002054,KVH-LI-00465,C0275,2026-05-28,2026-05-26,3679,3679,On-time,0,UPI
PAY-002055,KVH-LI-00465,C0275,2026-04-28,2026-04-28,3679,3679,On-time,0,Net Banking
PAY-002056,KVH-LI-00465,C0275,2026-03-28,2026-03-26,3679,3679,On-time,0,NACH Auto-debit
PAY-002057,KVH-LI-00465,C0275,2026-02-28,2026-02-28,3679,3679,On-time,0,Net Banking
PAY-002058,KVH-LI-00465,C0275,2026-01-28,2026-01-26,3679,3679,On-time,0,NACH Auto-debit
PAY-002059,KVH-LI-00465,C0275,2025-12-28,2025-12-25,3679,3679,On-time,0,NACH Auto-debit
PAY-002060,KVH-LI-00465,C0275,2025-11-28,2025-11-28,3679,3679,On-time,0,UPI
PAY-002061,KVH-LI-00465,C0275,2025-10-28,2025-10-27,3679,3679,On-time,0,NACH Auto-debit
PAY-002062,KVH-LI-00465,C0275,2025-09-28,2025-09-27,3679,3679,On-time,0,Net Banking
PAY-002063,KVH-LI-00465,C0275,2025-08-28,2025-08-28,3679,3679,On-time,0,UPI
PAY-002064,KVH-LI-00465,C0275,2025-07-28,2025-07-27,3679,3679,On-time,0,Credit Card
PAY-002065,KVH-LI-00465,C0275,2025-06-28,2025-06-28,3679,3679,On-time,0,UPI
PAY-002066,KVH-LI-00465,C0275,2025-05-28,2025-05-25,3679,3679,On-time,0,UPI
PAY-002067,KVH-HE-00466,C0276,2026-07-20,2026-07-20,10700,10700,On-time,0,Cheque
PAY-002068,KVH-HE-00466,C0276,2026-04-20,2026-04-18,10700,10700,On-time,0,Credit Card
PAY-002069,KVH-HE-00466,C0276,2026-01-20,2026-01-18,10700,10700,On-time,0,Net Banking
PAY-002070,KVH-HE-00466,C0276,2025-10-20,2025-10-16,10700,10700,On-time,0,NACH Auto-debit
PAY-002071,KVH-HE-00466,C0276,2025-07-20,2025-07-19,10700,10700,On-time,0,NACH Auto-debit
PAY-002072,KVH-MO-00467,C0276,2025-10-14,2025-10-11,11800,11800,On-time,0,NACH Auto-debit
PAY-002073,KVH-HO-00468,C0276,2026-10-02,2026-09-29,3350,3350,On-time,0,Credit Card
PAY-002074,KVH-HO-00468,C0276,2025-10-02,2025-10-01,3350,3350,On-time,0,NACH Auto-debit
PAY-002075,KVH-MO-00469,C0277,2025-10-25,,11750,0,Missed,,Net Banking
PAY-002076,KVH-MO-00470,C0278,2026-10-01,2026-09-29,16050,16050,On-time,0,NACH Auto-debit
PAY-002077,KVH-MO-00472,C0279,2025-10-23,2025-10-21,12800,12800,On-time,0,Credit Card
PAY-002078,KVH-MO-00474,C0280,2025-10-27,,9950,0,Missed,,Net Banking
PAY-002079,KVH-LI-00476,C0281,2026-09-10,,3508,0,Missed,,Cheque
PAY-002080,KVH-LI-00476,C0281,2026-08-10,2026-08-07,3508,3508,On-time,0,NACH Auto-debit
PAY-002081,KVH-LI-00476,C0281,2026-07-10,2026-07-18,3508,3508,Late,8,Cheque
PAY-002082,KVH-LI-00476,C0281,2026-06-10,2026-06-08,3508,3508,On-time,0,NACH Auto-debit
PAY-002083,KVH-LI-00476,C0281,2026-05-10,2026-05-08,3508,3508,On-time,0,Credit Card
PAY-002084,KVH-LI-00476,C0281,2026-04-10,2026-04-06,3508,3508,On-time,0,UPI
PAY-002085,KVH-LI-00476,C0281,2026-03-10,2026-03-09,3508,3508,On-time,0,NACH Auto-debit
PAY-002086,KVH-LI-00476,C0281,2026-02-10,2026-02-06,3508,3508,On-time,0,NACH Auto-debit
PAY-002087,KVH-LI-00476,C0281,2026-01-10,2026-01-08,3508,3508,On-time,0,Credit Card
PAY-002088,KVH-LI-00476,C0281,2025-12-10,2025-12-08,3508,3508,On-time,0,UPI
PAY-002089,KVH-LI-00476,C0281,2025-11-10,2025-11-06,3508,3508,On-time,0,Net Banking
PAY-002090,KVH-LI-00476,C0281,2025-10-10,2025-10-08,3508,3508,On-time,0,Credit Card
PAY-002091,KVH-LI-00476,C0281,2025-09-10,2025-09-27,3508,3508,Late,17,UPI
PAY-002092,KVH-LI-00476,C0281,2025-08-10,2025-08-07,3508,3508,On-time,0,UPI
PAY-002093,KVH-LI-00476,C0281,2025-07-10,2025-07-06,3508,3508,On-time,0,NACH Auto-debit
PAY-002094,KVH-LI-00476,C0281,2025-06-10,2025-06-10,3508,3508,On-time,0,Net Banking
PAY-002095,KVH-LI-00476,C0281,2025-05-10,2025-05-07,3508,3508,On-time,0,Cheque
PAY-002096,KVH-HO-00477,C0281,2026-09-23,2026-09-19,1058,1058,On-time,0,NACH Auto-debit
PAY-002097,KVH-HO-00477,C0281,2026-08-23,2026-08-22,1058,1058,On-time,0,UPI
PAY-002098,KVH-HO-00477,C0281,2026-07-23,2026-07-21,1058,1058,On-time,0,Net Banking
PAY-002099,KVH-HO-00477,C0281,2026-06-23,2026-07-05,1058,1058,Late,12,Net Banking
PAY-002100,KVH-HO-00477,C0281,2026-05-23,2026-05-20,1058,1058,On-time,0,Credit Card
PAY-002101,KVH-HO-00477,C0281,2026-04-23,2026-05-13,1058,1058,Late,20,Credit Card
PAY-002102,KVH-HO-00477,C0281,2026-03-23,2026-03-23,1058,1058,On-time,0,UPI
PAY-002103,KVH-HO-00477,C0281,2026-02-23,2026-02-22,1058,1058,On-time,0,UPI
PAY-002104,KVH-HO-00477,C0281,2026-01-23,2026-01-23,1058,1058,On-time,0,Net Banking
PAY-002105,KVH-HO-00477,C0281,2025-12-23,2025-12-22,1058,1058,On-time,0,Net Banking
PAY-002106,KVH-HO-00477,C0281,2025-11-23,2025-11-23,1058,1058,On-time,0,Credit Card
PAY-002107,KVH-HO-00477,C0281,2025-10-23,2025-10-22,1058,1058,On-time,0,Cheque
PAY-002108,KVH-HO-00477,C0281,2025-09-23,2025-09-21,1058,1058,On-time,0,Cheque
PAY-002109,KVH-HO-00477,C0281,2025-08-23,2025-08-23,1058,1058,On-time,0,UPI
PAY-002110,KVH-HO-00477,C0281,2025-07-23,2025-07-22,1058,1058,On-time,0,NACH Auto-debit
PAY-002111,KVH-HO-00477,C0281,2025-06-23,2025-06-23,1058,1058,On-time,0,NACH Auto-debit
PAY-002112,KVH-HO-00477,C0281,2025-05-23,2025-06-18,1058,1058,Late,26,NACH Auto-debit
PAY-002113,KVH-HE-00478,C0282,2025-10-28,2025-10-27,12550,12550,On-time,0,NACH Auto-debit
PAY-002114,KVH-HO-00482,C0283,2026-09-15,2026-09-11,796,796,On-time,0,Credit Card
PAY-002115,KVH-HO-00482,C0283,2026-08-15,2026-09-14,796,796,Late,30,UPI
PAY-002116,KVH-HO-00482,C0283,2026-07-15,2026-07-13,796,796,On-time,0,Cheque
PAY-002117,KVH-HE-00483,C0284,2026-09-27,2026-09-23,1654,1654,On-time,0,NACH Auto-debit
PAY-002118,KVH-HE-00483,C0284,2026-08-27,2026-08-26,1654,1654,On-time,0,Credit Card
PAY-002119,KVH-HE-00483,C0284,2026-07-27,2026-07-25,1654,1654,On-time,0,Credit Card
PAY-002120,KVH-HE-00483,C0284,2026-06-27,2026-08-03,1654,1654,Late,37,UPI
PAY-002121,KVH-HE-00483,C0284,2026-05-27,2026-06-14,1654,1654,Late,18,Net Banking
PAY-002122,KVH-HE-00483,C0284,2026-04-27,2026-04-27,1654,1654,On-time,0,Credit Card
PAY-002123,KVH-HE-00483,C0284,2026-03-27,2026-03-26,1654,1654,On-time,0,NACH Auto-debit
PAY-002124,KVH-HE-00483,C0284,2026-02-27,2026-02-26,1654,1654,On-time,0,Credit Card
PAY-002125,KVH-HE-00483,C0284,2026-01-27,2026-01-25,1654,1654,On-time,0,Credit Card
PAY-002126,KVH-HE-00484,C0285,2026-09-20,2026-09-19,1517,1517,On-time,0,UPI
PAY-002127,KVH-HE-00484,C0285,2026-08-20,2026-08-17,1517,1517,On-time,0,NACH Auto-debit
PAY-002128,KVH-HE-00484,C0285,2026-07-20,2026-07-17,1517,1517,On-time,0,UPI
PAY-002129,KVH-HE-00484,C0285,2026-06-20,2026-06-16,1517,1517,On-time,0,UPI
PAY-002130,KVH-HE-00484,C0285,2026-05-20,2026-05-18,1517,1517,On-time,0,Credit Card
PAY-002131,KVH-HE-00484,C0285,2026-04-20,2026-04-16,1517,1517,On-time,0,Credit Card
PAY-002132,KVH-HE-00484,C0285,2026-03-20,2026-03-20,1517,1517,On-time,0,Net Banking
PAY-002133,KVH-HE-00484,C0285,2026-02-20,2026-02-16,1517,1517,On-time,0,UPI
PAY-002134,KVH-HE-00484,C0285,2026-01-20,2026-01-19,1517,1517,On-time,0,Cheque
PAY-002135,KVH-HE-00484,C0285,2025-12-20,2025-12-16,1517,1517,On-time,0,NACH Auto-debit
PAY-002136,KVH-HE-00484,C0285,2025-11-20,2025-11-16,1517,1517,On-time,0,UPI
PAY-002137,KVH-HE-00484,C0285,2025-10-20,2025-10-18,1517,1517,On-time,0,UPI
PAY-002138,KVH-HE-00484,C0285,2025-09-20,2025-09-16,1517,1517,On-time,0,Credit Card
PAY-002139,KVH-HE-00484,C0285,2025-08-20,2025-08-19,1517,1517,On-time,0,NACH Auto-debit
PAY-002140,KVH-HE-00484,C0285,2025-07-20,2025-07-19,1517,1517,On-time,0,Credit Card
PAY-002141,KVH-HE-00484,C0285,2025-06-20,2025-06-16,1517,1517,On-time,0,Credit Card
PAY-002142,KVH-HE-00484,C0285,2025-05-20,2025-05-20,1517,1517,On-time,0,NACH Auto-debit
PAY-002143,KVH-HO-00485,C0286,2026-09-22,,521,0,Missed,,NACH Auto-debit
PAY-002144,KVH-HO-00485,C0286,2026-08-22,2026-09-30,521,521,Late,39,UPI
PAY-002145,KVH-HO-00485,C0286,2026-07-22,2026-08-06,521,521,Late,15,NACH Auto-debit
PAY-002146,KVH-HO-00485,C0286,2026-06-22,2026-07-06,521,521,Late,14,UPI
PAY-002147,KVH-HO-00485,C0286,2026-05-22,2026-05-31,521,521,Late,9,Credit Card
PAY-002148,KVH-HO-00485,C0286,2026-04-22,2026-04-19,521,521,On-time,0,UPI
PAY-002149,KVH-HO-00485,C0286,2026-03-22,2026-03-22,521,521,On-time,0,UPI
PAY-002150,KVH-HO-00485,C0286,2026-02-22,2026-02-21,521,521,On-time,0,Net Banking
PAY-002151,KVH-HO-00485,C0286,2026-01-22,2026-01-20,521,521,On-time,0,UPI
PAY-002152,KVH-HO-00485,C0286,2025-12-22,2025-12-21,521,521,On-time,0,UPI
PAY-002153,KVH-HO-00485,C0286,2025-11-22,2025-11-19,521,521,On-time,0,NACH Auto-debit
PAY-002154,KVH-HO-00485,C0286,2025-10-22,2025-11-13,521,521,Late,22,Net Banking
PAY-002155,KVH-HO-00485,C0286,2025-09-22,2025-09-21,521,521,On-time,0,Net Banking
PAY-002156,KVH-HO-00485,C0286,2025-08-22,2025-08-21,521,521,On-time,0,UPI
PAY-002157,KVH-HO-00485,C0286,2025-07-22,2025-07-19,521,521,On-time,0,Credit Card
PAY-002158,KVH-HO-00485,C0286,2025-06-22,2025-06-21,521,521,On-time,0,NACH Auto-debit
PAY-002159,KVH-HO-00485,C0286,2025-05-22,2025-06-11,521,521,Late,20,NACH Auto-debit
PAY-002160,KVH-HO-00486,C0287,2026-10-02,2026-09-30,4300,4300,On-time,0,UPI
PAY-002161,KVH-HO-00486,C0287,2025-10-02,2025-09-28,4300,4300,On-time,0,UPI
PAY-002162,KVH-MO-00487,C0287,2025-10-22,2025-10-22,5500,5500,On-time,0,NACH Auto-debit
PAY-002163,KVH-LI-00488,C0287,2026-10-04,2026-10-03,14250,14250,On-time,0,NACH Auto-debit
PAY-002164,KVH-LI-00488,C0287,2026-07-04,2026-06-30,14250,14250,On-time,0,NACH Auto-debit
PAY-002165,KVH-LI-00488,C0287,2026-04-04,2026-04-03,14250,14250,On-time,0,UPI
PAY-002166,KVH-LI-00488,C0287,2026-01-04,2026-01-04,14250,14250,On-time,0,Net Banking
PAY-002167,KVH-LI-00488,C0287,2025-10-04,2025-09-30,14250,14250,On-time,0,Credit Card
PAY-002168,KVH-LI-00488,C0287,2025-07-04,2025-07-02,14250,14250,On-time,0,Cheque
PAY-002169,KVH-HO-00489,C0288,2026-07-28,2026-07-26,1500,1500,On-time,0,Credit Card
PAY-002170,KVH-HO-00489,C0288,2026-04-28,2026-04-28,1500,1500,On-time,0,NACH Auto-debit
PAY-002171,KVH-HO-00489,C0288,2026-01-28,2026-01-28,1500,1500,On-time,0,NACH Auto-debit
PAY-002172,KVH-HO-00489,C0288,2025-10-28,2025-10-28,1500,1500,On-time,0,Net Banking
PAY-002173,KVH-HO-00489,C0288,2025-07-28,2025-07-27,1500,1500,On-time,0,Credit Card
PAY-002174,KVH-HE-00490,C0288,2026-07-09,2026-07-07,1588,1588,On-time,0,Net Banking
PAY-002175,KVH-HE-00490,C0288,2026-04-09,2026-04-07,1588,1588,On-time,0,NACH Auto-debit
PAY-002176,KVH-HE-00490,C0288,2026-01-09,2026-01-07,1588,1588,On-time,0,Net Banking
PAY-002177,KVH-HE-00490,C0288,2025-10-09,2025-10-06,1588,1588,On-time,0,Net Banking
PAY-002178,KVH-HE-00490,C0288,2025-07-09,2025-07-07,1588,1588,On-time,0,Net Banking
PAY-002179,KVH-MO-00491,C0289,2026-10-03,2026-09-30,12750,12750,On-time,0,UPI
PAY-002180,KVH-MO-00491,C0289,2025-10-03,2025-09-29,12750,12750,On-time,0,Credit Card
PAY-002181,KVH-MO-00493,C0290,2025-10-11,2025-10-09,66100,66100,On-time,0,Credit Card
PAY-002182,KVH-HE-00494,C0290,2026-07-21,2026-07-21,20038,20038,On-time,0,NACH Auto-debit
PAY-002183,KVH-HE-00494,C0290,2026-04-21,2026-04-20,20038,20038,On-time,0,UPI
PAY-002184,KVH-HE-00494,C0290,2026-01-21,2026-01-17,20038,20038,On-time,0,Credit Card
PAY-002185,KVH-HE-00494,C0290,2025-10-21,2025-10-19,20038,20038,On-time,0,UPI
PAY-002186,KVH-HE-00494,C0290,2025-07-21,2025-07-18,20038,20038,On-time,0,NACH Auto-debit
PAY-002187,KVH-MO-00495,C0291,2025-10-27,2025-10-23,13400,13400,On-time,0,Net Banking
PAY-002188,KVH-MO-00498,C0293,2025-10-26,2025-11-09,18050,18050,Late,14,NACH Auto-debit
PAY-002189,KVH-MO-00499,C0294,2025-10-10,2025-10-09,16050,16050,On-time,0,Net Banking
PAY-002190,KVH-LI-00500,C0295,2025-10-17,2025-10-17,121850,121850,On-time,0,Credit Card
PAY-002191,KVH-MO-00501,C0295,2025-10-15,2025-10-12,31350,31350,On-time,0,Net Banking
PAY-002192,KVH-MO-00502,C0296,2025-10-17,2025-10-15,22600,22600,On-time,0,UPI
PAY-002193,KVH-HE-00503,C0296,2026-09-28,2026-09-28,1383,1383,On-time,0,NACH Auto-debit
PAY-002194,KVH-HE-00503,C0296,2026-08-28,2026-08-25,1383,1383,On-time,0,Net Banking
PAY-002195,KVH-HE-00503,C0296,2026-07-28,2026-07-24,1383,1383,On-time,0,Net Banking
PAY-002196,KVH-HE-00503,C0296,2026-06-28,2026-06-24,1383,1383,On-time,0,Cheque
PAY-002197,KVH-HE-00503,C0296,2026-05-28,2026-06-28,1383,1383,Late,31,UPI
PAY-002198,KVH-HE-00503,C0296,2026-04-28,2026-04-25,1383,1383,On-time,0,UPI
PAY-002199,KVH-HE-00503,C0296,2026-03-28,2026-03-26,1383,1383,On-time,0,UPI
PAY-002200,KVH-HE-00503,C0296,2026-02-28,2026-02-26,1383,1383,On-time,0,Credit Card
PAY-002201,KVH-HE-00503,C0296,2026-01-28,2026-01-24,1383,1383,On-time,0,UPI
PAY-002202,KVH-HE-00503,C0296,2025-12-28,2025-12-26,1383,1383,On-time,0,Net Banking
PAY-002203,KVH-HE-00503,C0296,2025-11-28,2025-11-27,1383,1383,On-time,0,NACH Auto-debit
PAY-002204,KVH-HE-00503,C0296,2025-10-28,2025-10-25,1383,1383,On-time,0,UPI
PAY-002205,KVH-HE-00503,C0296,2025-09-28,2025-09-28,1383,1383,On-time,0,UPI
PAY-002206,KVH-HE-00503,C0296,2025-08-28,2025-08-25,1383,1383,On-time,0,Credit Card
PAY-002207,KVH-HE-00503,C0296,2025-07-28,2025-07-27,1383,1383,On-time,0,UPI
PAY-002208,KVH-HE-00503,C0296,2025-06-28,2025-06-26,1383,1383,On-time,0,NACH Auto-debit
PAY-002209,KVH-HE-00503,C0296,2025-05-28,2025-05-24,1383,1383,On-time,0,UPI
PAY-002210,KVH-MO-00504,C0297,2025-10-09,2025-10-21,49500,49500,Late,12,Credit Card
PAY-002211,KVH-HE-00505,C0298,2026-07-28,2026-08-05,7538,7538,Late,8,UPI
PAY-002212,KVH-HE-00505,C0298,2026-04-28,2026-04-25,7538,7538,On-time,0,NACH Auto-debit
PAY-002213,KVH-HE-00505,C0298,2026-01-28,,7538,0,Missed,,NACH Auto-debit
PAY-002214,KVH-HE-00505,C0298,2025-10-28,2025-10-26,7538,7538,On-time,0,UPI
PAY-002215,KVH-MO-00508,C0299,2026-10-01,2026-09-29,38850,38850,On-time,0,Net Banking
PAY-002216,KVH-LI-00509,C0300,2026-09-05,2026-09-05,5983,5983,On-time,0,UPI
PAY-002217,KVH-LI-00509,C0300,2026-08-05,2026-08-02,5983,5983,On-time,0,Net Banking
PAY-002218,KVH-LI-00509,C0300,2026-07-05,2026-07-03,5983,5983,On-time,0,NACH Auto-debit
PAY-002219,KVH-LI-00509,C0300,2026-06-05,2026-06-02,5983,5983,On-time,0,Credit Card
PAY-002220,KVH-LI-00509,C0300,2026-05-05,2026-05-05,5983,5983,On-time,0,Net Banking
PAY-002221,KVH-LI-00509,C0300,2026-04-05,2026-04-04,5983,5983,On-time,0,NACH Auto-debit
PAY-002222,KVH-LI-00509,C0300,2026-03-05,2026-03-02,5983,5983,On-time,0,Credit Card
PAY-002223,KVH-LI-00509,C0300,2026-02-05,2026-02-05,5983,5983,On-time,0,NACH Auto-debit
PAY-002224,KVH-LI-00509,C0300,2026-01-05,2026-01-01,5983,5983,On-time,0,Credit Card
PAY-002225,KVH-LI-00509,C0300,2025-12-05,2025-12-01,5983,5983,On-time,0,NACH Auto-debit
PAY-002226,KVH-LI-00509,C0300,2025-11-05,2025-11-02,5983,5983,On-time,0,UPI
PAY-002227,KVH-LI-00509,C0300,2025-10-05,2025-10-04,5983,5983,On-time,0,NACH Auto-debit
PAY-002228,KVH-LI-00509,C0300,2025-09-05,2025-09-02,5983,5983,On-time,0,NACH Auto-debit
PAY-002229,KVH-LI-00509,C0300,2025-08-05,2025-08-03,5983,5983,On-time,0,UPI
PAY-002230,KVH-LI-00509,C0300,2025-07-05,2025-07-04,5983,5983,On-time,0,NACH Auto-debit
PAY-002231,KVH-LI-00509,C0300,2025-06-05,2025-06-04,5983,5983,On-time,0,NACH Auto-debit
PAY-002232,KVH-LI-00509,C0300,2025-05-05,2025-05-01,5983,5983,On-time,0,UPI
